ID,year,loan_limit,Gender,approv_in_adv,loan_type,loan_purpose,Credit_Worthiness,open_credit,business_or_commercial,loan_amount,rate_of_interest,Interest_rate_spread,Upfront_charges,term,Neg_ammortization,interest_only,lump_sum_payment,property_value,construction_type,occupancy_type,Secured_by,total_units,income,credit_type,Credit_Score,co_applicant_credit_type,age,submission_of_application,LTV,Region,Security_Type,Status,dtir1
24891,2019,cf,Male,nopre,type2,p1,l1,nopc,b/c,206500,,,,360,not_neg,not_int,lpsm,,sb,pr,home,1U,4980,EQUI,552,EXP,55-64,to_inst,,North,direct,1,
24932,2019,cf,Male,nopre,type3,p4,l1,nopc,nob/c,466500,,,,360,not_neg,not_int,not_lpsm,,sb,pr,home,1U,0,EQUI,765,EXP,45-54,to_inst,,North,direct,1,
25039,2019,cf,Male,nopre,type2,p3,l1,nopc,b/c,656500,,,,360,not_neg,not_int,not_lpsm,,sb,pr,home,1U,8640,EQUI,880,EXP,35-44,to_inst,,North,direct,1,
25101,2019,cf,Male,nopre,type1,p4,l1,nopc,nob/c,106500,,,,240,not_neg,not_int,lpsm,,sb,pr,home,1U,1680,EQUI,880,EXP,45-54,to_inst,,central,direct,1,
25110,2019,cf,Male,nopre,type3,p3,l1,nopc,nob/c,406500,,,,360,not_neg,not_int,not_lpsm,,sb,pr,home,1U,7560,EQUI,768,EXP,45-54,not_inst,,North,direct,1,
25131,2019,cf,Male,nopre,type1,p3,l1,nopc,nob/c,316500,,,,360,not_neg,not_int,not_lpsm,,sb,pr,home,1U,5640,EQUI,571,EXP,>74,to_inst,,North,direct,1,
25187,2019,cf,Male,nopre,type3,p1,l1,nopc,nob/c,266500,,,,360,not_neg,not_int,not_lpsm,,sb,pr,home,1U,3840,EQUI,529,EXP,55-64,not_inst,,North,direct,1,
25199,2019,cf,Male,nopre,type1,p1,l2,nopc,nob/c,336500,,,,360,not_neg,not_int,not_lpsm,,sb,pr,home,1U,7200,EQUI,572,EXP,45-54,to_inst,,south,direct,1,
25214,2019,cf,Male,nopre,type1,p4,l1,nopc,nob/c,726500,,,,360,not_neg,not_int,not_lpsm,,sb,pr,home,1U,9660,EQUI,896,EXP,35-44,not_inst,,south,direct,1,
25251,2019,cf,Male,nopre,type1,p4,l1,nopc,nob/c,336500,,,,360,not_neg,int_only,not_lpsm,,sb,pr,home,1U,5100,EQUI,719,EXP,25-34,not_inst,,North,direct,1,
25255,2019,cf,Male,nopre,type1,p4,l1,nopc,nob/c,446500,,,,324,not_neg,int_only,not_lpsm,,sb,pr,home,1U,11400,EQUI,850,EXP,45-54,not_inst,,south,direct,1,
25291,2019,cf,Male,pre,type2,p3,l1,nopc,b/c,266500,,,,180,not_neg,not_int,not_lpsm,,sb,pr,home,1U,11160,EQUI,635,EXP,35-44,to_inst,,North,direct,1,
25305,2019,cf,Male,nopre,type1,p1,l1,nopc,nob/c,306500,,,,360,neg_amm,not_int,not_lpsm,,sb,pr,home,1U,5040,EQUI,723,EXP,25-34,to_inst,,North,direct,1,
25311,2019,cf,Male,pre,type1,p4,l1,nopc,nob/c,486500,,,,360,not_neg,not_int,not_lpsm,,sb,pr,home,1U,12660,EQUI,605,EXP,45-54,not_inst,,south,direct,1,
25340,2019,cf,Male,nopre,type3,p3,l1,nopc,nob/c,266500,,,,360,not_neg,not_int,not_lpsm,,sb,pr,home,1U,3540,EQUI,692,EXP,65-74,to_inst,,North,direct,1,
25355,2019,cf,Male,nopre,type1,p1,l1,nopc,nob/c,496500,,,,360,not_neg,not_int,not_lpsm,,sb,pr,home,1U,12360,EQUI,544,EXP,45-54,not_inst,,North,direct,1,
25416,2019,cf,Male,nopre,type1,p4,l2,nopc,nob/c,166500,,,,144,not_neg,not_int,not_lpsm,,sb,pr,home,1U,5760,EQUI,585,EXP,65-74,to_inst,,North,direct,1,
25419,2019,cf,Male,nopre,type1,p4,l1,nopc,nob/c,156500,,,,360,not_neg,not_int,not_lpsm,,sb,pr,home,1U,3960,EQUI,727,EXP,>74,to_inst,,North,direct,1,
25457,2019,cf,Male,nopre,type3,p3,l1,nopc,nob/c,206500,,,,180,not_neg,not_int,not_lpsm,,sb,pr,home,1U,11640,EQUI,857,EXP,45-54,to_inst,,North,direct,1,
25476,2019,cf,Male,nopre,type2,p4,l1,nopc,b/c,216500,,,,360,neg_amm,not_int,not_lpsm,,sb,pr,home,1U,0,EQUI,626,EXP,25-34,not_inst,,central,direct,1,
25520,2019,cf,Male,nopre,type1,p3,l1,nopc,nob/c,256500,,,,240,not_neg,not_int,not_lpsm,,sb,pr,home,1U,6300,EQUI,828,EXP,35-44,to_inst,,North,direct,1,
25532,2019,cf,Male,nopre,type1,p3,l1,nopc,nob/c,226500,,,,360,neg_amm,not_int,not_lpsm,,sb,pr,home,1U,3240,EQUI,692,EXP,>74,to_inst,,North,direct,1,
25550,2019,cf,Male,nopre,type1,p4,l1,nopc,nob/c,326500,,,,360,not_neg,not_int,lpsm,,sb,ir,home,1U,15780,EQUI,817,EXP,35-44,not_inst,,south,direct,1,
25627,2019,cf,Male,nopre,type2,p1,l1,nopc,b/c,96500,,,,360,not_neg,not_int,not_lpsm,,sb,pr,home,1U,5100,EQUI,604,EXP,45-54,to_inst,,North,direct,1,
25640,2019,cf,Male,pre,type3,p3,l1,nopc,nob/c,306500,,,,360,not_neg,not_int,not_lpsm,,sb,pr,home,1U,3480,EQUI,527,EXP,65-74,to_inst,,North,direct,1,
25646,2019,cf,Male,nopre,type2,p1,l1,nopc,b/c,256500,,,,360,neg_amm,not_int,not_lpsm,,sb,pr,home,1U,4440,EQUI,539,EXP,55-64,to_inst,,North,direct,1,
25675,2019,cf,Male,nopre,type1,p1,l1,nopc,nob/c,376500,,,,360,not_neg,not_int,not_lpsm,,sb,pr,home,1U,6540,EQUI,873,EXP,55-64,to_inst,,North,direct,1,
25686,2019,cf,Male,nopre,type1,p1,l1,nopc,nob/c,116500,,,,360,not_neg,not_int,not_lpsm,,sb,pr,home,1U,1140,EQUI,513,EXP,45-54,to_inst,,North,direct,1,
25860,2019,cf,Male,nopre,type1,p3,l1,nopc,nob/c,276500,,,,360,not_neg,not_int,not_lpsm,,sb,pr,home,1U,11640,EQUI,603,EXP,35-44,not_inst,,North,direct,1,
25876,2019,cf,Male,pre,type1,p3,l1,nopc,nob/c,136500,,,,180,not_neg,not_int,not_lpsm,,sb,pr,home,1U,2160,EQUI,894,EXP,45-54,not_inst,,North,direct,1,
25941,2019,cf,Male,pre,type1,p1,l1,nopc,nob/c,496500,,,,360,not_neg,not_int,not_lpsm,,sb,pr,home,1U,4920,EQUI,754,EXP,35-44,to_inst,,North,direct,1,
25955,2019,cf,Male,nopre,type1,p3,l1,nopc,nob/c,486500,,,,360,neg_amm,not_int,not_lpsm,,sb,pr,home,1U,7980,EQUI,829,EXP,35-44,not_inst,,North,direct,1,
25976,2019,cf,Male,nopre,type1,p4,l1,nopc,nob/c,366500,,,,360,not_neg,int_only,not_lpsm,,sb,pr,home,1U,4200,EQUI,805,EXP,35-44,not_inst,,south,direct,1,
26055,2019,cf,Male,nopre,type1,p4,l1,nopc,nob/c,126500,,,,180,neg_amm,not_int,not_lpsm,,sb,pr,home,1U,3660,EQUI,548,EXP,55-64,to_inst,,central,direct,1,
26058,2019,cf,Male,pre,type2,p1,l1,nopc,b/c,126500,,,,360,not_neg,not_int,not_lpsm,,sb,pr,home,1U,3000,EQUI,564,EXP,45-54,to_inst,,North,direct,1,
26065,2019,cf,Male,nopre,type1,p1,l1,nopc,nob/c,586500,,,,360,not_neg,not_int,not_lpsm,,sb,pr,home,1U,8100,EQUI,872,EXP,45-54,to_inst,,central,direct,1,
26077,2019,cf,Male,nopre,type1,p3,l1,nopc,nob/c,106500,,,,,neg_amm,not_int,not_lpsm,,sb,pr,home,1U,3420,EQUI,824,EXP,65-74,to_inst,,south,direct,1,
26083,2019,cf,Male,nopre,type1,p3,l1,nopc,nob/c,166500,,,,360,not_neg,not_int,not_lpsm,,sb,pr,home,1U,3420,EQUI,514,EXP,45-54,to_inst,,south,direct,1,
26147,2019,cf,Male,nopre,type1,p4,l1,nopc,nob/c,216500,,,,180,neg_amm,not_int,not_lpsm,,sb,pr,home,1U,3900,EQUI,729,EXP,55-64,to_inst,,central,direct,1,
26187,2019,cf,Male,nopre,type1,p3,l1,nopc,nob/c,276500,,,,360,not_neg,not_int,not_lpsm,,sb,pr,home,1U,3600,EQUI,724,EXP,35-44,to_inst,,North,direct,1,
26188,2019,cf,Male,nopre,type1,p1,l1,nopc,nob/c,96500,,,,360,not_neg,not_int,not_lpsm,,sb,ir,home,1U,2040,EQUI,728,EXP,45-54,to_inst,,south,direct,1,
26197,2019,cf,Male,nopre,type1,p3,l1,nopc,nob/c,256500,,,,360,not_neg,not_int,lpsm,,sb,pr,home,1U,3060,EQUI,671,EXP,>74,to_inst,,south,direct,1,
26224,2019,cf,Male,nopre,type1,p3,l1,nopc,nob/c,406500,,,,240,not_neg,not_int,not_lpsm,,sb,pr,home,1U,8100,EQUI,683,EXP,55-64,to_inst,,North,direct,1,
26229,2019,cf,Male,nopre,type1,p4,l1,nopc,nob/c,366500,,,,360,neg_amm,not_int,not_lpsm,,sb,pr,home,1U,5220,EQUI,665,EXP,<25,not_inst,,south,direct,1,
26241,2019,cf,Male,nopre,type1,p1,l1,nopc,nob/c,346500,,,,360,not_neg,not_int,not_lpsm,,sb,pr,home,1U,8880,EQUI,552,EXP,25-34,to_inst,,North,direct,1,
26280,2019,ncf,Male,nopre,type1,p1,l1,nopc,nob/c,566500,,,,360,not_neg,not_int,not_lpsm,,sb,pr,home,1U,22680,EQUI,511,EXP,65-74,to_inst,,North,direct,1,
26291,2019,cf,Male,nopre,type1,p3,l1,nopc,nob/c,336500,,,,360,not_neg,not_int,not_lpsm,,sb,pr,home,1U,3780,EQUI,797,EXP,55-64,not_inst,,North,direct,1,
26311,2019,cf,Male,nopre,type1,p1,l1,nopc,nob/c,246500,,,,360,not_neg,not_int,lpsm,,sb,pr,home,1U,6480,EQUI,546,EXP,35-44,to_inst,,south,direct,1,
26354,2019,cf,Male,nopre,type1,p3,l1,nopc,nob/c,226500,,,,360,not_neg,not_int,not_lpsm,,sb,pr,home,1U,3360,EQUI,892,EXP,65-74,to_inst,,North,direct,1,
26364,2019,cf,Male,nopre,type2,p1,l1,nopc,b/c,496500,,,,360,not_neg,not_int,not_lpsm,,sb,pr,home,1U,6600,EQUI,856,EXP,35-44,not_inst,,south,direct,1,
26481,2019,cf,Male,pre,type1,p4,l1,nopc,nob/c,186500,,,,156,neg_amm,not_int,not_lpsm,,sb,pr,home,1U,2760,EQUI,552,EXP,55-64,to_inst,,North,direct,1,
26498,2019,cf,Male,nopre,type1,p3,l1,nopc,nob/c,136500,,,,180,not_neg,not_int,not_lpsm,,sb,pr,home,1U,3000,EQUI,610,EXP,55-64,to_inst,,south,direct,1,
26511,2019,cf,Male,nopre,type1,p4,l1,nopc,nob/c,696500,,,,360,not_neg,not_int,not_lpsm,,sb,pr,home,1U,11640,EQUI,638,EXP,25-34,not_inst,,North,direct,1,
26584,2019,cf,Male,nopre,type1,p4,l1,nopc,nob/c,476500,,,,360,not_neg,not_int,lpsm,,sb,pr,home,1U,7740,EQUI,837,EXP,45-54,not_inst,,south,direct,1,
26601,2019,cf,Male,nopre,type1,p4,l1,nopc,nob/c,286500,,,,360,not_neg,not_int,not_lpsm,,sb,pr,home,1U,4260,EQUI,649,EXP,25-34,not_inst,,south,direct,1,
26618,2019,cf,Male,nopre,type3,p3,l1,nopc,nob/c,126500,,,,180,not_neg,int_only,not_lpsm,,sb,pr,home,1U,1920,EQUI,710,EXP,65-74,to_inst,,North,direct,1,
26625,2019,cf,Male,nopre,type1,p3,l1,nopc,nob/c,206500,,,,360,not_neg,not_int,not_lpsm,,sb,pr,home,1U,3000,EQUI,603,EXP,45-54,to_inst,,North,direct,1,
26641,2019,cf,Male,nopre,type1,p1,l1,nopc,nob/c,306500,,,,360,neg_amm,not_int,not_lpsm,,sb,pr,home,1U,8040,EQUI,660,EXP,55-64,to_inst,,North,direct,1,
26662,2019,cf,Male,nopre,type1,p3,l1,nopc,nob/c,106500,,,,360,not_neg,not_int,not_lpsm,,sb,pr,home,1U,1080,EQUI,739,EXP,65-74,to_inst,,North,direct,1,
26668,2019,cf,Male,nopre,type2,p3,l1,nopc,b/c,146500,,,,360,neg_amm,not_int,not_lpsm,,sb,pr,home,1U,3060,EQUI,550,EXP,35-44,to_inst,,North,direct,1,
26693,2019,ncf,Male,nopre,type1,p3,l1,nopc,nob/c,436500,,,,360,not_neg,not_int,not_lpsm,,sb,pr,home,1U,8760,EQUI,753,EXP,>74,to_inst,,North,direct,1,
26703,2019,cf,Male,nopre,type1,p3,l1,nopc,nob/c,176500,,,,360,not_neg,not_int,not_lpsm,,sb,pr,home,1U,3300,EQUI,530,EXP,>74,to_inst,,North,direct,1,
26726,2019,cf,Male,nopre,type3,p4,l1,nopc,nob/c,216500,,,,360,not_neg,not_int,not_lpsm,,sb,pr,home,1U,2700,EQUI,835,EXP,65-74,to_inst,,North,direct,1,
26903,2019,cf,Male,nopre,type1,p3,l1,nopc,nob/c,366500,,,,360,not_neg,not_int,lpsm,,sb,pr,home,1U,6180,EQUI,779,EXP,45-54,to_inst,,North,direct,1,
26928,2019,cf,Male,nopre,type1,p4,l1,nopc,nob/c,596500,,,,360,not_neg,not_int,not_lpsm,,sb,pr,home,1U,7500,EQUI,685,EXP,25-34,not_inst,,south,direct,1,
26958,2019,cf,Male,nopre,type1,p4,l1,nopc,nob/c,596500,,,,360,not_neg,not_int,not_lpsm,,sb,pr,home,1U,7140,EQUI,805,EXP,25-34,not_inst,,North,direct,1,
26960,2019,cf,Male,nopre,type3,p3,l1,nopc,nob/c,286500,,,,360,neg_amm,not_int,not_lpsm,,sb,pr,home,1U,3000,EQUI,867,EXP,>74,to_inst,,North,direct,1,
26974,2019,cf,Male,nopre,type3,p3,l1,nopc,nob/c,106500,,,,360,not_neg,not_int,not_lpsm,,sb,pr,home,1U,1440,EQUI,601,EXP,65-74,to_inst,,North,direct,1,
26980,2019,cf,Male,nopre,type1,p4,l1,nopc,nob/c,506500,,,,360,not_neg,not_int,not_lpsm,,sb,pr,home,1U,4680,EQUI,780,EXP,35-44,not_inst,,North,direct,1,
27032,2019,cf,Male,pre,type1,p4,l1,nopc,nob/c,416500,,,,360,not_neg,not_int,not_lpsm,,sb,pr,home,1U,5700,EQUI,515,EXP,35-44,not_inst,,south,direct,1,
27063,2019,cf,Male,nopre,type1,p1,l1,nopc,nob/c,466500,,,,360,neg_amm,not_int,not_lpsm,,sb,pr,home,1U,6060,EQUI,615,EXP,45-54,not_inst,,North,direct,1,
27082,2019,cf,Male,nopre,type1,p1,l1,nopc,nob/c,326500,,,,360,not_neg,int_only,not_lpsm,,sb,pr,home,1U,8820,EQUI,588,EXP,45-54,not_inst,,central,direct,1,
27116,2019,cf,Male,nopre,type1,p3,l1,nopc,nob/c,96500,,,,360,neg_amm,not_int,not_lpsm,,sb,pr,home,1U,3600,EQUI,564,EXP,45-54,to_inst,,North,direct,1,
27122,2019,cf,Male,nopre,type1,p4,l1,nopc,nob/c,436500,,,,360,not_neg,not_int,not_lpsm,,sb,pr,home,1U,9660,EQUI,687,EXP,35-44,not_inst,,North,direct,1,
27147,2019,ncf,Male,nopre,type1,p3,l1,nopc,nob/c,756500,,,,360,not_neg,not_int,not_lpsm,,sb,pr,home,1U,12000,EQUI,862,EXP,45-54,to_inst,,North,direct,1,
27175,2019,cf,Male,nopre,type1,p1,l1,nopc,nob/c,236500,,,,360,neg_amm,not_int,not_lpsm,,sb,pr,home,1U,3720,EQUI,784,EXP,35-44,not_inst,,North,direct,1,
27219,2019,cf,Male,nopre,type1,p4,l1,nopc,nob/c,196500,,,,360,not_neg,not_int,not_lpsm,,sb,pr,home,1U,3180,EQUI,504,EXP,25-34,to_inst,,North,direct,1,
27254,2019,cf,Male,pre,type2,p1,l1,nopc,b/c,156500,,,,360,not_neg,not_int,not_lpsm,,sb,pr,home,1U,2460,EQUI,564,EXP,35-44,to_inst,,south,direct,1,
27276,2019,cf,Male,nopre,type1,p1,l1,nopc,nob/c,1186500,,,,360,not_neg,not_int,not_lpsm,,sb,pr,home,4U,75240,EQUI,877,EXP,45-54,not_inst,,south,direct,1,
27402,2019,cf,Male,nopre,type1,p1,l1,nopc,nob/c,196500,,,,276,neg_amm,not_int,not_lpsm,,sb,pr,home,1U,4260,EQUI,512,EXP,35-44,to_inst,,North,direct,1,
27435,2019,cf,Male,nopre,type1,p1,l1,nopc,nob/c,416500,,,,360,not_neg,not_int,not_lpsm,,sb,pr,home,1U,5580,EQUI,636,EXP,45-54,not_inst,,North,direct,1,
27469,2019,cf,Male,nopre,type3,p3,l1,nopc,nob/c,126500,,,,180,not_neg,not_int,not_lpsm,,sb,pr,home,1U,7200,EQUI,808,EXP,65-74,to_inst,,North,direct,1,
27480,2019,cf,Male,nopre,type1,p4,l1,nopc,nob/c,166500,,,,360,not_neg,not_int,not_lpsm,,sb,pr,home,1U,5520,EQUI,723,EXP,55-64,not_inst,,North,direct,1,
27587,2019,,Male,nopre,type1,p1,l1,nopc,nob/c,366500,,,,360,neg_amm,not_int,not_lpsm,,sb,pr,home,1U,7680,EQUI,518,EXP,35-44,to_inst,,North,direct,1,
27633,2019,cf,Male,nopre,type1,p1,l1,nopc,nob/c,266500,,,,360,neg_amm,not_int,not_lpsm,,sb,pr,home,1U,6480,EQUI,855,EXP,25-34,to_inst,,North,direct,1,
27637,2019,cf,Male,nopre,type1,p1,l2,nopc,nob/c,226500,,,,360,not_neg,not_int,not_lpsm,,sb,pr,home,1U,14100,EQUI,764,EXP,45-54,to_inst,,south,direct,1,
27640,2019,cf,Male,nopre,type1,p4,l1,nopc,nob/c,326500,,,,180,not_neg,not_int,not_lpsm,,sb,pr,home,1U,9060,EQUI,802,EXP,45-54,to_inst,,North,direct,1,
27659,2019,cf,Male,nopre,type1,p4,l1,nopc,nob/c,526500,,,,360,not_neg,not_int,not_lpsm,,sb,pr,home,1U,6900,EQUI,642,EXP,35-44,not_inst,,North,direct,1,
27671,2019,cf,Male,nopre,type2,p4,l1,nopc,b/c,216500,,,,360,not_neg,not_int,not_lpsm,,sb,pr,home,1U,0,EQUI,645,EXP,35-44,not_inst,,central,direct,1,
27711,2019,cf,Male,nopre,type1,p4,l1,nopc,nob/c,536500,,,,360,not_neg,not_int,not_lpsm,,sb,pr,home,1U,7140,EQUI,822,EXP,35-44,not_inst,,south,direct,1,
27750,2019,cf,Male,nopre,type3,p1,l2,nopc,nob/c,406500,,,,300,neg_amm,int_only,not_lpsm,,sb,pr,home,1U,5700,EQUI,821,EXP,25-34,to_inst,,North,direct,1,
27758,2019,ncf,Male,nopre,type1,p1,l1,nopc,nob/c,106500,,,,360,not_neg,not_int,not_lpsm,,sb,pr,home,1U,2100,EQUI,800,EXP,45-54,to_inst,,south,direct,1,
27770,2019,cf,Male,nopre,type1,p1,l2,nopc,nob/c,186500,,,,300,neg_amm,not_int,not_lpsm,,sb,pr,home,1U,3000,EQUI,697,EXP,35-44,not_inst,,North,direct,1,
27881,2019,cf,Male,nopre,type2,p1,l1,nopc,b/c,36500,,,,360,neg_amm,not_int,not_lpsm,,sb,pr,home,2U,7020,EQUI,836,EXP,45-54,to_inst,,North,direct,1,
27882,2019,cf,Male,pre,type1,p4,l1,nopc,nob/c,486500,,,,360,not_neg,not_int,not_lpsm,,sb,pr,home,1U,6960,EQUI,775,EXP,25-34,not_inst,,North,direct,1,
27904,2019,cf,Male,nopre,type3,p3,l2,nopc,nob/c,486500,,,,300,neg_amm,int_only,not_lpsm,,sb,pr,home,1U,3960,EQUI,891,EXP,35-44,to_inst,,south,direct,1,
27909,2019,cf,Male,nopre,type1,p3,l1,nopc,nob/c,166500,,,,180,not_neg,not_int,lpsm,,sb,pr,home,1U,2820,EQUI,848,EXP,35-44,to_inst,,south,direct,1,
27922,2019,cf,Male,nopre,type1,p2,l1,nopc,nob/c,706500,,,,360,not_neg,not_int,lpsm,,sb,pr,home,1U,10680,EQUI,715,EXP,25-34,not_inst,,south,direct,1,
27936,2019,cf,Male,nopre,type1,p1,l1,nopc,nob/c,476500,,,,360,not_neg,not_int,not_lpsm,,sb,sr,home,1U,17940,EQUI,689,EXP,45-54,to_inst,,North,direct,1,
27946,2019,ncf,Male,nopre,type3,p4,l2,nopc,nob/c,1146500,,,,360,not_neg,not_int,not_lpsm,,sb,pr,home,1U,0,EQUI,882,EXP,65-74,not_inst,,North,direct,1,
27955,2019,cf,Male,nopre,type1,p3,l1,nopc,nob/c,436500,,,,312,not_neg,not_int,not_lpsm,,sb,pr,home,1U,7680,EQUI,807,EXP,45-54,to_inst,,North,direct,1,
27999,2019,cf,Male,nopre,type1,p3,l1,nopc,nob/c,316500,,,,360,not_neg,not_int,not_lpsm,,sb,pr,home,1U,6000,EQUI,557,EXP,45-54,not_inst,,North,direct,1,
28004,2019,cf,Male,nopre,type1,p4,l2,nopc,nob/c,486500,,,,360,not_neg,not_int,not_lpsm,,sb,pr,home,1U,6660,EQUI,716,EXP,35-44,not_inst,,south,direct,1,
28011,2019,cf,Male,pre,type1,p4,l1,nopc,nob/c,106500,,,,240,not_neg,not_int,not_lpsm,,sb,sr,home,1U,3600,EQUI,557,EXP,55-64,to_inst,,North,direct,1,
28029,2019,cf,Male,nopre,type1,p3,l1,nopc,nob/c,376500,,,,360,not_neg,not_int,not_lpsm,,sb,ir,home,1U,6360,EQUI,643,EXP,55-64,not_inst,,North,direct,1,
28069,2019,cf,Male,nopre,type3,p3,l2,nopc,nob/c,266500,,,,300,neg_amm,not_int,not_lpsm,,sb,pr,home,1U,3000,EQUI,723,EXP,>74,to_inst,,North,direct,1,
28115,2019,cf,Male,nopre,type1,p1,l1,nopc,nob/c,216500,,,,360,not_neg,not_int,not_lpsm,,sb,pr,home,1U,2700,EQUI,561,EXP,25-34,not_inst,,south,direct,1,
28161,2019,cf,Male,nopre,type1,p4,l1,nopc,nob/c,636500,,,,360,not_neg,not_int,not_lpsm,,sb,pr,home,1U,9600,EQUI,771,EXP,35-44,not_inst,,south,direct,1,
28179,2019,cf,Male,pre,type3,p1,l1,nopc,nob/c,186500,,,,360,not_neg,not_int,not_lpsm,,sb,pr,home,1U,1560,EQUI,622,EXP,65-74,to_inst,,North-East,direct,1,
28250,2019,cf,Male,nopre,type1,p1,l1,nopc,nob/c,266500,,,,360,not_neg,not_int,not_lpsm,,sb,ir,home,1U,9600,EQUI,574,EXP,55-64,not_inst,,North,direct,1,
28253,2019,,Male,nopre,type2,p1,l1,nopc,b/c,386500,,,,360,neg_amm,not_int,not_lpsm,,sb,pr,home,1U,8280,EQUI,751,EXP,>74,to_inst,,North,direct,1,
28284,2019,cf,Male,nopre,type1,p2,l1,nopc,nob/c,106500,,,,240,not_neg,not_int,not_lpsm,,sb,pr,home,1U,5340,EQUI,662,EXP,55-64,to_inst,,North,direct,1,
28285,2019,cf,Male,nopre,type1,p4,l1,nopc,nob/c,436500,,,,360,not_neg,int_only,not_lpsm,,sb,pr,home,1U,5280,EQUI,624,EXP,25-34,to_inst,,North,direct,1,
28303,2019,cf,Male,nopre,type2,p3,l1,nopc,b/c,226500,,,,360,not_neg,not_int,not_lpsm,,sb,pr,home,1U,3060,EQUI,625,EXP,>74,to_inst,,North-East,direct,1,
28334,2019,cf,Male,nopre,type2,p4,l1,nopc,b/c,546500,,,,360,not_neg,not_int,not_lpsm,,sb,pr,home,1U,0,EQUI,743,EXP,45-54,not_inst,,central,direct,1,
28392,2019,cf,Male,nopre,type1,p3,l1,nopc,nob/c,306500,,,,120,not_neg,not_int,not_lpsm,,sb,pr,home,1U,7320,EQUI,876,EXP,45-54,to_inst,,central,direct,1,
28422,2019,cf,Male,nopre,type3,p3,l1,nopc,nob/c,296500,,,,360,neg_amm,not_int,not_lpsm,,sb,pr,home,1U,2760,EQUI,880,EXP,25-34,to_inst,,North,direct,1,
28430,2019,cf,Male,nopre,type1,p3,l1,nopc,nob/c,256500,,,,180,neg_amm,not_int,not_lpsm,,sb,pr,home,1U,9120,EQUI,757,EXP,45-54,to_inst,,North,direct,1,
28438,2019,ncf,Male,pre,type1,p1,l1,nopc,nob/c,246500,,,,360,not_neg,not_int,not_lpsm,,sb,pr,home,1U,2460,EQUI,503,EXP,55-64,not_inst,,south,direct,1,
28440,2019,cf,Male,nopre,type2,p3,l1,nopc,b/c,126500,,,,360,neg_amm,not_int,not_lpsm,,sb,pr,home,1U,2460,EQUI,517,EXP,35-44,to_inst,,North,direct,1,
28479,2019,ncf,Male,pre,type1,p1,l1,nopc,nob/c,236500,,,,360,not_neg,not_int,not_lpsm,,sb,pr,home,1U,8820,EQUI,840,EXP,55-64,to_inst,,North,direct,1,
28494,2019,cf,Male,nopre,type1,p4,l1,nopc,nob/c,186500,,,,300,not_neg,int_only,not_lpsm,,sb,pr,home,1U,3060,EQUI,777,EXP,65-74,to_inst,,North,direct,1,
28509,2019,cf,Male,nopre,type1,p4,l1,nopc,nob/c,476500,,,,360,neg_amm,not_int,not_lpsm,,sb,pr,home,1U,5820,EQUI,512,EXP,25-34,not_inst,,North,direct,1,
28581,2019,cf,Male,nopre,type1,p1,l1,nopc,nob/c,256500,,,,360,not_neg,not_int,not_lpsm,,sb,ir,home,1U,4500,EQUI,541,EXP,55-64,not_inst,,North,direct,1,
28637,2019,ncf,Male,nopre,type1,p1,l1,nopc,nob/c,176500,,,,324,neg_amm,not_int,not_lpsm,,sb,pr,home,1U,16980,EQUI,594,EXP,65-74,to_inst,,North,direct,1,
28651,2019,cf,Male,nopre,type3,p3,l1,nopc,nob/c,236500,,,,360,not_neg,not_int,not_lpsm,,sb,pr,home,1U,3600,EQUI,803,EXP,35-44,to_inst,,south,direct,1,
28655,2019,ncf,Male,pre,type1,,l1,nopc,nob/c,1366500,,,,360,not_neg,not_int,not_lpsm,,sb,pr,home,1U,18000,EQUI,643,EXP,45-54,to_inst,,North,direct,1,
28658,2019,cf,Male,nopre,type1,p3,l1,nopc,nob/c,416500,,,,360,not_neg,not_int,not_lpsm,,sb,pr,home,1U,4440,EQUI,660,EXP,55-64,to_inst,,North,direct,1,
28719,2019,cf,Male,nopre,type1,p3,l1,nopc,nob/c,316500,,,,360,not_neg,not_int,not_lpsm,,sb,pr,home,1U,9960,EQUI,671,EXP,35-44,to_inst,,south,direct,1,
28727,2019,ncf,Male,nopre,type1,p4,l1,nopc,nob/c,186500,,,,240,neg_amm,not_int,not_lpsm,,sb,pr,home,1U,6360,EQUI,515,EXP,25-34,to_inst,,North,direct,1,
28730,2019,cf,Male,nopre,type1,p1,l1,nopc,nob/c,96500,,,,360,not_neg,not_int,not_lpsm,,sb,sr,home,1U,3180,EQUI,863,EXP,35-44,to_inst,,North,direct,1,
28769,2019,cf,Male,nopre,type3,p3,l2,nopc,nob/c,116500,,,,240,not_neg,not_int,not_lpsm,,sb,pr,home,1U,2760,EQUI,819,EXP,65-74,to_inst,,central,direct,1,
28784,2019,cf,Male,nopre,type1,p4,l1,nopc,nob/c,226500,,,,360,not_neg,not_int,not_lpsm,,sb,pr,home,1U,3120,EQUI,878,EXP,65-74,not_inst,,North,direct,1,
28827,2019,cf,Male,nopre,type1,p1,l1,nopc,nob/c,486500,,,,360,not_neg,not_int,not_lpsm,,sb,pr,home,1U,6840,EQUI,817,EXP,35-44,to_inst,,south,direct,1,
28838,2019,cf,Male,pre,type1,p4,l1,nopc,nob/c,236500,,,,180,not_neg,not_int,not_lpsm,,sb,pr,home,1U,4920,EQUI,892,EXP,45-54,not_inst,,south,direct,1,
28949,2019,cf,Male,nopre,type1,p1,l1,nopc,nob/c,496500,,,,360,not_neg,not_int,not_lpsm,,sb,pr,home,1U,5460,EQUI,626,EXP,25-34,not_inst,,North,direct,1,
28975,2019,cf,Male,nopre,type1,p3,l1,nopc,nob/c,276500,,,,360,not_neg,not_int,not_lpsm,,sb,pr,home,1U,2640,EQUI,610,EXP,55-64,not_inst,,south,direct,1,
29010,2019,ncf,Male,nopre,type3,p1,l1,nopc,nob/c,496500,,,,360,not_neg,not_int,not_lpsm,,sb,pr,home,1U,11280,EQUI,645,EXP,35-44,not_inst,,North,direct,1,
29027,2019,cf,Male,nopre,type1,p4,l1,nopc,nob/c,206500,,,,180,not_neg,not_int,lpsm,,sb,pr,home,1U,2880,EQUI,624,EXP,55-64,to_inst,,south,direct,1,
29038,2019,ncf,Male,pre,type1,p3,l1,nopc,nob/c,226500,,,,360,not_neg,not_int,not_lpsm,,sb,pr,home,1U,4200,EQUI,672,EXP,35-44,to_inst,,North,direct,1,
29057,2019,cf,Male,nopre,type1,p3,l1,nopc,nob/c,636500,,,,360,not_neg,not_int,not_lpsm,,sb,pr,home,1U,8160,EQUI,703,EXP,65-74,not_inst,,central,direct,1,
29073,2019,cf,Male,nopre,type1,p3,l1,nopc,nob/c,446500,,,,360,not_neg,not_int,not_lpsm,,sb,pr,home,1U,8040,EQUI,894,EXP,65-74,to_inst,,North,direct,1,
29166,2019,cf,Male,nopre,type2,p1,l1,nopc,b/c,66500,,,,360,not_neg,not_int,not_lpsm,,sb,pr,home,1U,3180,EQUI,880,EXP,35-44,to_inst,,North,direct,1,
29174,2019,cf,Male,nopre,type3,p4,l1,nopc,nob/c,226500,,,,360,not_neg,not_int,not_lpsm,,sb,pr,home,1U,2040,EQUI,600,EXP,>74,to_inst,,North,direct,1,
29196,2019,cf,Male,nopre,type3,p4,l1,nopc,nob/c,236500,,,,360,not_neg,not_int,not_lpsm,,sb,pr,home,1U,2700,EQUI,727,EXP,65-74,to_inst,,south,direct,1,
29208,2019,cf,Male,nopre,type2,p4,l1,nopc,b/c,286500,,,,360,neg_amm,not_int,not_lpsm,,sb,pr,home,1U,0,EQUI,594,EXP,35-44,to_inst,,North,direct,1,
29344,2019,cf,Male,nopre,type1,p4,l1,nopc,nob/c,146500,,,,240,not_neg,not_int,not_lpsm,,sb,pr,home,1U,9000,EQUI,677,EXP,45-54,to_inst,,North,direct,1,
29352,2019,cf,Male,pre,type2,p3,l1,nopc,b/c,346500,,,,360,not_neg,not_int,not_lpsm,,sb,pr,home,1U,8100,EQUI,814,EXP,55-64,to_inst,,North,direct,1,
29380,2019,cf,Male,nopre,type1,p1,l1,nopc,nob/c,166500,,,,360,not_neg,not_int,not_lpsm,,sb,ir,home,1U,15000,EQUI,657,EXP,35-44,not_inst,,south,direct,1,
29385,2019,cf,Male,nopre,type1,p3,l1,nopc,nob/c,436500,,,,216,neg_amm,not_int,not_lpsm,,sb,pr,home,1U,5760,EQUI,538,EXP,>74,not_inst,,North,direct,1,
29404,2019,cf,Male,nopre,type3,p4,l1,nopc,nob/c,286500,,,,360,not_neg,not_int,not_lpsm,,sb,pr,home,1U,0,EQUI,508,EXP,45-54,not_inst,,south,direct,1,
29428,2019,cf,Male,nopre,type1,p3,l1,nopc,nob/c,266500,,,,360,not_neg,not_int,not_lpsm,,sb,pr,home,1U,3120,EQUI,827,EXP,55-64,to_inst,,North,direct,1,
29511,2019,cf,Male,nopre,type1,p4,l1,nopc,nob/c,256500,,,,360,not_neg,int_only,not_lpsm,,sb,pr,home,1U,3360,EQUI,899,EXP,45-54,not_inst,,North,direct,1,
29541,2019,ncf,Male,nopre,type3,p4,l1,nopc,nob/c,766500,,,,360,neg_amm,not_int,not_lpsm,,sb,pr,home,1U,0,EQUI,678,EXP,35-44,not_inst,,south,direct,1,
29545,2019,cf,Male,pre,type1,p4,l1,nopc,nob/c,356500,,,,360,not_neg,not_int,not_lpsm,,sb,pr,home,1U,10800,EQUI,551,EXP,55-64,not_inst,,south,direct,1,
29557,2019,cf,Male,nopre,type1,p3,l1,nopc,nob/c,266500,,,,180,not_neg,not_int,not_lpsm,,sb,pr,home,1U,6780,EQUI,584,EXP,35-44,to_inst,,North,direct,1,
29586,2019,cf,Male,nopre,type1,p4,l2,nopc,nob/c,206500,,,,360,not_neg,not_int,not_lpsm,,sb,pr,home,1U,0,EQUI,537,EXP,55-64,to_inst,,south,direct,1,
29587,2019,cf,Male,pre,type1,p1,l1,nopc,nob/c,166500,,,,360,not_neg,not_int,not_lpsm,,sb,pr,home,1U,5820,EQUI,770,EXP,55-64,to_inst,,North,direct,1,
29750,2019,cf,Male,nopre,type1,p4,l1,nopc,nob/c,216500,,,,360,neg_amm,not_int,not_lpsm,,sb,ir,home,1U,5160,EQUI,541,EXP,45-54,not_inst,,North,direct,1,
29768,2019,cf,Male,pre,type1,p1,l1,nopc,nob/c,726500,,,,360,not_neg,not_int,not_lpsm,,sb,pr,home,1U,10080,EQUI,846,EXP,55-64,not_inst,,North,direct,1,
29791,2019,cf,Male,nopre,type1,p4,l1,nopc,nob/c,416500,,,,360,not_neg,int_only,not_lpsm,,sb,pr,home,1U,4980,EQUI,614,EXP,25-34,not_inst,,south,direct,1,
29830,2019,cf,Male,nopre,type1,p3,l1,nopc,nob/c,236500,,,,180,not_neg,not_int,not_lpsm,,sb,pr,home,1U,6060,EQUI,541,EXP,45-54,to_inst,,North,direct,1,
29833,2019,cf,Male,nopre,type1,p4,l2,nopc,nob/c,216500,,,,180,neg_amm,not_int,not_lpsm,,sb,pr,home,1U,9360,EQUI,806,EXP,55-64,to_inst,,North,direct,1,
29842,2019,cf,Male,nopre,type1,p3,l1,nopc,nob/c,406500,,,,360,not_neg,not_int,not_lpsm,,sb,pr,home,1U,4620,EQUI,893,EXP,35-44,not_inst,,North,direct,1,
29847,2019,,Male,nopre,type1,p1,l1,nopc,nob/c,406500,,,,360,neg_amm,not_int,not_lpsm,,sb,pr,home,1U,6360,EQUI,742,EXP,35-44,not_inst,,south,direct,1,
29849,2019,cf,Male,nopre,type3,p1,l1,nopc,nob/c,326500,,,,360,not_neg,not_int,not_lpsm,,sb,pr,home,1U,4200,EQUI,876,EXP,55-64,not_inst,,North,direct,1,
29857,2019,cf,Male,nopre,type3,p4,l1,nopc,nob/c,316500,,,,360,neg_amm,not_int,not_lpsm,,sb,pr,home,1U,0,EQUI,830,EXP,45-54,not_inst,,North,direct,1,
29900,2019,cf,Male,nopre,type1,p1,l1,nopc,nob/c,346500,,,,360,not_neg,not_int,not_lpsm,,sb,pr,home,1U,9300,EQUI,661,EXP,65-74,not_inst,,North,direct,1,
29905,2019,cf,Male,nopre,type1,p3,l1,nopc,nob/c,276500,,,,180,not_neg,not_int,not_lpsm,,sb,pr,home,1U,6780,EQUI,535,EXP,65-74,to_inst,,south,direct,1,
30004,2019,cf,Male,nopre,type1,p1,l2,nopc,nob/c,276500,,,,180,neg_amm,not_int,not_lpsm,,sb,pr,home,1U,12600,EQUI,737,EXP,25-34,to_inst,,south,direct,1,
30024,2019,cf,Male,nopre,type1,p1,l1,nopc,nob/c,486500,,,,360,not_neg,not_int,not_lpsm,,sb,pr,home,1U,9420,EQUI,755,EXP,45-54,to_inst,,North,direct,1,
30095,2019,cf,Male,nopre,type1,p1,l1,nopc,nob/c,286500,,,,360,not_neg,not_int,not_lpsm,,sb,pr,home,1U,6480,EQUI,713,EXP,25-34,to_inst,,south,direct,1,
30142,2019,cf,Male,pre,type3,p4,l1,nopc,nob/c,256500,,,,360,not_neg,not_int,not_lpsm,,sb,pr,home,1U,2220,EQUI,639,EXP,65-74,to_inst,,central,direct,1,
30147,2019,cf,Male,nopre,type1,p1,l1,nopc,nob/c,206500,,,,360,not_neg,not_int,not_lpsm,,sb,pr,home,1U,2700,EQUI,805,EXP,35-44,to_inst,,North,direct,1,
30177,2019,cf,Male,nopre,type1,p4,l1,nopc,nob/c,286500,,,,360,not_neg,not_int,not_lpsm,,sb,pr,home,1U,4080,EQUI,507,EXP,45-54,not_inst,,North,direct,1,
30179,2019,cf,Male,nopre,type1,p3,l1,nopc,nob/c,406500,,,,360,not_neg,not_int,not_lpsm,,sb,pr,home,1U,8460,EQUI,707,EXP,>74,to_inst,,south,direct,1,
30280,2019,cf,Male,nopre,type1,p4,l2,nopc,nob/c,496500,,,,300,neg_amm,not_int,not_lpsm,,sb,pr,home,1U,6000,EQUI,760,EXP,25-34,not_inst,,south,direct,1,
30286,2019,cf,Male,nopre,type1,p4,l1,nopc,nob/c,436500,,,,360,not_neg,not_int,not_lpsm,,sb,pr,home,1U,5640,EQUI,678,EXP,45-54,not_inst,,North,direct,1,
30299,2019,ncf,Male,pre,type1,p3,l1,nopc,nob/c,456500,,,,360,not_neg,not_int,not_lpsm,,sb,pr,home,1U,9480,EQUI,770,EXP,55-64,to_inst,,North,direct,1,
30386,2019,cf,Male,nopre,type2,p3,l1,nopc,b/c,416500,,,,360,not_neg,not_int,not_lpsm,,sb,pr,home,1U,7800,EQUI,526,EXP,45-54,to_inst,,south,direct,1,
30397,2019,cf,Male,nopre,type3,p3,l1,nopc,nob/c,166500,,,,180,not_neg,not_int,not_lpsm,,sb,pr,home,1U,5700,EQUI,534,EXP,45-54,to_inst,,central,direct,1,
30402,2019,cf,Male,nopre,type3,p3,l1,nopc,nob/c,276500,,,,240,not_neg,not_int,not_lpsm,,sb,pr,home,1U,2520,EQUI,603,EXP,45-54,to_inst,,North-East,direct,1,
30427,2019,cf,Male,nopre,type1,p4,l1,nopc,nob/c,326500,,,,360,not_neg,not_int,not_lpsm,,sb,pr,home,1U,3480,EQUI,642,EXP,65-74,not_inst,,North,direct,1,
30506,2019,cf,Male,nopre,type1,p1,l1,nopc,nob/c,176500,,,,360,not_neg,not_int,not_lpsm,,sb,pr,home,1U,2760,EQUI,547,EXP,65-74,to_inst,,North,direct,1,
30512,2019,cf,Male,nopre,type1,p4,l2,nopc,nob/c,146500,,,,324,not_neg,not_int,not_lpsm,,sb,pr,home,1U,3660,EQUI,859,EXP,45-54,to_inst,,North,direct,1,
30546,2019,cf,Male,nopre,type1,p4,l1,nopc,nob/c,496500,,,,360,not_neg,not_int,not_lpsm,,sb,pr,home,1U,6060,EQUI,879,EXP,35-44,not_inst,,south,direct,1,
30547,2019,cf,Male,pre,type1,p1,l1,nopc,nob/c,156500,,,,360,not_neg,not_int,not_lpsm,,sb,pr,home,1U,3060,EQUI,630,EXP,55-64,to_inst,,North,direct,1,
30568,2019,cf,Male,nopre,type3,p3,l1,nopc,nob/c,156500,,,,360,not_neg,not_int,not_lpsm,,sb,pr,home,1U,1800,EQUI,829,EXP,55-64,to_inst,,North,direct,1,
30628,2019,cf,Male,pre,type1,p3,l1,nopc,nob/c,446500,,,,360,not_neg,not_int,not_lpsm,,sb,pr,home,1U,5880,EQUI,603,EXP,55-64,to_inst,,North,direct,1,
30687,2019,ncf,Male,pre,type1,p3,l1,nopc,nob/c,846500,,,,360,not_neg,not_int,not_lpsm,,sb,pr,home,1U,30120,EQUI,871,EXP,25-34,not_inst,,North,direct,1,
30698,2019,ncf,Male,nopre,type1,p3,l1,nopc,nob/c,346500,,,,240,not_neg,not_int,not_lpsm,,sb,pr,home,1U,6960,EQUI,692,EXP,65-74,to_inst,,south,direct,1,
30741,2019,cf,Male,nopre,type2,p4,l1,nopc,b/c,226500,,,,360,not_neg,not_int,not_lpsm,,sb,pr,home,1U,0,EQUI,676,EXP,55-64,not_inst,,North,direct,1,
30771,2019,cf,Male,nopre,type1,p4,l1,nopc,nob/c,516500,,,,360,not_neg,not_int,not_lpsm,,sb,pr,home,1U,7200,EQUI,549,EXP,35-44,not_inst,,North,direct,1,
30784,2019,cf,Male,nopre,type1,p4,l1,nopc,nob/c,446500,,,,360,not_neg,not_int,not_lpsm,,sb,pr,home,1U,9420,EQUI,633,EXP,35-44,not_inst,,North,direct,1,
30799,2019,cf,Male,,type3,p4,l1,nopc,nob/c,166500,,,,360,not_neg,not_int,not_lpsm,,sb,pr,home,1U,2820,EQUI,555,EXP,55-64,to_inst,,North,direct,1,
30805,2019,,Male,nopre,type1,p4,l1,nopc,nob/c,376500,,,,360,neg_amm,not_int,not_lpsm,,sb,pr,home,1U,4020,EQUI,797,EXP,25-34,not_inst,,North,direct,1,
30809,2019,cf,Male,nopre,type2,p3,l1,nopc,b/c,456500,,,,360,neg_amm,not_int,not_lpsm,,sb,pr,home,1U,5340,EQUI,772,EXP,35-44,to_inst,,North,direct,1,
30843,2019,cf,Male,nopre,type1,p4,l1,nopc,nob/c,726500,,,,360,not_neg,not_int,not_lpsm,,sb,pr,home,1U,9720,EQUI,581,EXP,45-54,not_inst,,south,direct,1,
30846,2019,ncf,Male,nopre,type1,p3,l2,nopc,nob/c,716500,,,,300,neg_amm,int_only,not_lpsm,,sb,pr,home,1U,11280,EQUI,677,EXP,>74,to_inst,,North,direct,1,
30906,2019,cf,Male,nopre,type1,p1,l1,nopc,nob/c,186500,,,,360,not_neg,not_int,not_lpsm,,sb,pr,home,1U,6660,EQUI,850,EXP,65-74,to_inst,,North,direct,1,
30912,2019,ncf,Male,nopre,type1,p3,l1,nopc,nob/c,1036500,,,,360,not_neg,not_int,not_lpsm,,sb,pr,home,1U,16140,EQUI,670,EXP,>74,to_inst,,south,direct,1,
30953,2019,cf,Male,nopre,type1,p1,l1,nopc,nob/c,206500,,,,360,not_neg,not_int,not_lpsm,,sb,pr,home,1U,8700,EQUI,832,EXP,35-44,to_inst,,North,direct,1,
30977,2019,cf,Male,nopre,type1,p4,l1,nopc,nob/c,206500,,,,,neg_amm,not_int,not_lpsm,,sb,pr,home,1U,33540,EQUI,889,EXP,55-64,to_inst,,North,direct,1,
31035,2019,cf,Male,nopre,type3,p1,l1,nopc,nob/c,606500,,,,360,not_neg,not_int,not_lpsm,,sb,pr,home,1U,10740,EQUI,651,EXP,35-44,to_inst,,North,direct,1,
31184,2019,cf,Male,nopre,type1,p3,l1,nopc,nob/c,156500,,,,180,not_neg,not_int,not_lpsm,,sb,pr,home,1U,3180,EQUI,887,EXP,65-74,to_inst,,south,direct,1,
31191,2019,cf,Male,nopre,type2,p1,l1,nopc,b/c,246500,,,,360,not_neg,not_int,not_lpsm,,sb,pr,home,1U,2580,EQUI,774,EXP,<25,not_inst,,North,direct,1,
31239,2019,cf,Male,pre,type1,p2,l1,nopc,nob/c,206500,,,,360,not_neg,not_int,not_lpsm,,sb,pr,home,1U,4080,EQUI,513,EXP,55-64,to_inst,,North,direct,1,
31244,2019,cf,Male,nopre,type1,p1,l1,nopc,nob/c,176500,,,,360,not_neg,not_int,not_lpsm,,sb,pr,home,1U,2520,EQUI,519,EXP,65-74,to_inst,,North,direct,1,
31255,2019,cf,Male,nopre,type1,p4,l1,nopc,nob/c,276500,,,,360,not_neg,not_int,not_lpsm,,sb,pr,home,1U,6840,EQUI,647,EXP,35-44,not_inst,,North,direct,1,
31257,2019,cf,Male,nopre,type1,p4,l1,nopc,nob/c,336500,,,,360,not_neg,not_int,not_lpsm,,sb,pr,home,1U,7380,EQUI,789,EXP,>74,to_inst,,North,direct,1,
31347,2019,cf,Male,nopre,type1,p4,l1,nopc,nob/c,386500,,,,300,not_neg,int_only,not_lpsm,,sb,pr,home,1U,6480,EQUI,554,EXP,35-44,to_inst,,south,direct,1,
31410,2019,cf,Male,nopre,type1,p3,l2,nopc,nob/c,256500,,,,240,neg_amm,not_int,not_lpsm,,sb,pr,home,1U,5220,EQUI,812,EXP,45-54,to_inst,,south,direct,1,
31451,2019,cf,Male,nopre,type2,p1,l1,nopc,b/c,66500,,,,360,not_neg,not_int,not_lpsm,,sb,pr,home,1U,1860,EQUI,827,EXP,45-54,to_inst,,central,direct,1,
31495,2019,cf,Male,nopre,type1,p4,l1,nopc,nob/c,706500,,,,360,not_neg,not_int,not_lpsm,,sb,pr,home,1U,7800,EQUI,643,EXP,35-44,not_inst,,central,direct,1,
31499,2019,cf,Male,nopre,type1,p3,l1,nopc,nob/c,156500,,,,360,not_neg,not_int,not_lpsm,,sb,pr,home,1U,720,EQUI,821,EXP,55-64,to_inst,,North,direct,1,
31524,2019,cf,Male,pre,type1,p4,l1,nopc,nob/c,356500,,,,360,not_neg,not_int,not_lpsm,,sb,pr,home,1U,4920,EQUI,577,EXP,35-44,not_inst,,south,direct,1,
31536,2019,cf,Male,nopre,type3,p3,l1,nopc,nob/c,576500,,,,360,not_neg,not_int,not_lpsm,,sb,pr,home,1U,5160,EQUI,542,EXP,65-74,not_inst,,North,direct,1,
31539,2019,cf,Male,pre,type2,p1,l1,nopc,b/c,156500,,,,360,not_neg,not_int,not_lpsm,,sb,pr,home,1U,2760,EQUI,742,EXP,25-34,to_inst,,North,direct,1,
31545,2019,cf,Male,nopre,type1,p4,l1,nopc,nob/c,576500,,,,360,not_neg,not_int,lpsm,,sb,pr,home,1U,7560,EQUI,753,EXP,25-34,not_inst,,North,direct,1,
31586,2019,cf,Male,nopre,type1,p1,l1,nopc,nob/c,96500,,,,360,not_neg,not_int,not_lpsm,,sb,sr,home,1U,4860,EQUI,597,EXP,55-64,to_inst,,North,direct,1,
31601,2019,cf,Male,nopre,type1,p1,l1,nopc,nob/c,96500,,,,180,not_neg,not_int,not_lpsm,,sb,sr,home,1U,3000,EQUI,606,EXP,45-54,to_inst,,south,direct,1,
31607,2019,,Male,nopre,type1,p4,l1,nopc,nob/c,686500,,,,360,not_neg,not_int,not_lpsm,,sb,pr,home,1U,9420,EQUI,762,EXP,45-54,not_inst,,south,direct,1,
31680,2019,cf,Male,nopre,type1,p3,l1,nopc,nob/c,536500,,,,360,neg_amm,not_int,not_lpsm,,sb,pr,home,1U,15600,EQUI,517,EXP,35-44,not_inst,,south,direct,1,
31687,2019,cf,Male,nopre,type3,p3,l1,nopc,nob/c,116500,,,,360,not_neg,int_only,not_lpsm,,sb,pr,home,1U,2820,EQUI,509,EXP,65-74,to_inst,,North,direct,1,
31717,2019,cf,Male,nopre,type3,p4,l1,nopc,nob/c,316500,,,,360,not_neg,not_int,not_lpsm,,sb,pr,home,1U,0,EQUI,796,EXP,25-34,not_inst,,North,direct,1,
31811,2019,cf,Male,nopre,type2,p3,l1,nopc,b/c,136500,,,,360,not_neg,not_int,not_lpsm,,sb,pr,home,1U,2160,EQUI,553,EXP,45-54,to_inst,,North,direct,1,
31813,2019,cf,Male,nopre,type1,p3,l1,nopc,nob/c,266500,,,,360,not_neg,not_int,not_lpsm,,sb,pr,home,1U,5820,EQUI,595,EXP,55-64,not_inst,,North,direct,1,
31815,2019,cf,Male,nopre,type1,p4,l2,nopc,nob/c,496500,,,,300,neg_amm,not_int,not_lpsm,,sb,pr,home,1U,4740,EQUI,581,EXP,55-64,not_inst,,North,direct,1,
31835,2019,cf,Male,nopre,type1,p4,l1,nopc,nob/c,606500,,,,360,neg_amm,not_int,not_lpsm,,sb,ir,home,1U,11820,EQUI,710,EXP,55-64,not_inst,,North,direct,1,
31843,2019,cf,Male,nopre,type1,p2,l1,nopc,nob/c,626500,,,,360,not_neg,not_int,not_lpsm,,sb,ir,home,1U,12000,EQUI,667,EXP,55-64,to_inst,,North,direct,1,
31873,2019,cf,Male,nopre,type1,p1,l1,nopc,nob/c,696500,,,,360,not_neg,not_int,not_lpsm,,sb,pr,home,1U,6900,EQUI,851,EXP,55-64,not_inst,,North,direct,1,
31910,2019,cf,Male,nopre,type2,p4,l2,nopc,b/c,116500,,,,180,not_neg,not_int,not_lpsm,,sb,pr,home,1U,1860,EQUI,734,EXP,35-44,to_inst,,south,direct,1,
31913,2019,ncf,Male,nopre,type3,p3,l1,nopc,nob/c,786500,,,,360,not_neg,not_int,not_lpsm,,sb,pr,home,1U,7140,EQUI,758,EXP,65-74,not_inst,,central,direct,1,
31928,2019,cf,Male,nopre,type1,p4,l1,nopc,nob/c,506500,,,,360,not_neg,int_only,not_lpsm,,sb,ir,home,1U,6780,EQUI,656,EXP,45-54,not_inst,,south,direct,1,
31945,2019,ncf,Male,nopre,type1,p1,l1,nopc,nob/c,156500,,,,180,neg_amm,not_int,not_lpsm,,sb,pr,home,1U,6780,EQUI,815,EXP,55-64,not_inst,,North,direct,1,
31962,2019,cf,Male,nopre,type1,p1,l2,nopc,nob/c,396500,,,,360,not_neg,not_int,not_lpsm,,sb,pr,home,1U,5520,EQUI,503,EXP,25-34,not_inst,,south,direct,1,
32031,2019,cf,Male,nopre,type1,p2,l1,nopc,nob/c,216500,,,,360,not_neg,not_int,not_lpsm,,sb,pr,home,1U,14400,EQUI,868,EXP,55-64,to_inst,,North,direct,1,
32050,2019,ncf,Male,nopre,type1,p3,l1,nopc,nob/c,206500,,,,180,not_neg,not_int,not_lpsm,,sb,pr,home,1U,3360,EQUI,810,EXP,45-54,to_inst,,south,direct,1,
32111,2019,cf,Male,nopre,type1,p1,l1,nopc,nob/c,476500,,,,360,not_neg,not_int,not_lpsm,,sb,pr,home,1U,5460,EQUI,653,EXP,55-64,not_inst,,North,direct,1,
32114,2019,cf,Male,nopre,type1,p1,l1,nopc,nob/c,556500,,,,360,not_neg,not_int,not_lpsm,,sb,pr,home,1U,9720,EQUI,893,EXP,35-44,not_inst,,North,direct,1,
32142,2019,cf,Male,nopre,type1,p3,l1,nopc,nob/c,186500,,,,360,neg_amm,not_int,not_lpsm,,sb,pr,home,1U,6600,EQUI,879,EXP,45-54,to_inst,,North,direct,1,
32143,2019,cf,Male,nopre,type1,p4,l1,nopc,nob/c,476500,,,,360,not_neg,not_int,not_lpsm,,sb,pr,home,1U,6900,EQUI,854,EXP,55-64,not_inst,,North-East,direct,1,
32160,2019,cf,Male,nopre,type1,p4,l1,nopc,nob/c,476500,,,,360,not_neg,int_only,not_lpsm,,sb,pr,home,1U,5820,EQUI,858,EXP,55-64,to_inst,,central,direct,1,
32163,2019,cf,Male,nopre,type1,p4,l1,nopc,nob/c,266500,,,,360,not_neg,not_int,not_lpsm,,sb,pr,home,1U,4260,EQUI,846,EXP,25-34,to_inst,,North,direct,1,
32237,2019,cf,Male,pre,type1,p1,l1,nopc,nob/c,306500,,,,360,not_neg,not_int,not_lpsm,,sb,pr,home,1U,6600,EQUI,618,EXP,25-34,not_inst,,south,direct,1,
32307,2019,ncf,Male,nopre,type1,p3,l1,nopc,nob/c,236500,,,,180,not_neg,not_int,not_lpsm,,sb,pr,home,1U,5460,EQUI,819,EXP,55-64,to_inst,,North,direct,1,
32349,2019,cf,Male,nopre,type1,p4,l1,nopc,nob/c,456500,,,,360,not_neg,not_int,not_lpsm,,sb,pr,home,1U,5640,EQUI,876,EXP,35-44,not_inst,,south,direct,1,
32385,2019,cf,Male,pre,type1,p1,l1,nopc,nob/c,916500,,,,360,not_neg,not_int,not_lpsm,,sb,ir,home,2U,16980,EQUI,618,EXP,35-44,not_inst,,North,direct,1,
32392,2019,cf,Male,nopre,type1,p3,l1,nopc,nob/c,186500,,,,360,neg_amm,not_int,not_lpsm,,sb,pr,home,1U,3840,EQUI,648,EXP,45-54,to_inst,,North,direct,1,
32400,2019,cf,Male,nopre,type2,p4,l1,nopc,b/c,506500,,,,360,not_neg,not_int,lpsm,,sb,pr,home,1U,0,EQUI,844,EXP,25-34,not_inst,,south,direct,1,
32453,2019,cf,Male,pre,type2,p4,l1,nopc,b/c,246500,,,,360,not_neg,not_int,not_lpsm,,sb,pr,home,1U,0,EQUI,598,EXP,25-34,not_inst,,North,direct,1,
32527,2019,cf,Male,pre,type1,p1,l1,nopc,nob/c,466500,,,,360,not_neg,not_int,not_lpsm,,sb,sr,home,1U,5040,EQUI,766,EXP,25-34,not_inst,,south,direct,1,
32543,2019,cf,Male,nopre,type1,p3,l1,nopc,nob/c,136500,,,,360,not_neg,not_int,not_lpsm,,sb,pr,home,1U,5640,EQUI,880,EXP,65-74,to_inst,,North,direct,1,
32654,2019,cf,Male,nopre,type1,p1,l1,nopc,nob/c,576500,,,,360,neg_amm,not_int,not_lpsm,,sb,pr,home,1U,12000,EQUI,584,EXP,35-44,to_inst,,North,direct,1,
32711,2019,cf,Male,nopre,type1,p4,l2,nopc,nob/c,256500,,,,300,neg_amm,not_int,not_lpsm,,sb,pr,home,1U,4920,EQUI,513,EXP,45-54,to_inst,,North,direct,1,
32720,2019,cf,Male,nopre,type1,p1,l1,nopc,nob/c,226500,,,,360,not_neg,not_int,not_lpsm,,sb,ir,home,1U,7920,EQUI,650,EXP,45-54,to_inst,,North,direct,1,
32774,2019,cf,Male,nopre,type1,p1,l2,nopc,nob/c,536500,,,,300,neg_amm,not_int,not_lpsm,,sb,pr,home,1U,7260,EQUI,778,EXP,35-44,not_inst,,central,direct,1,
32826,2019,ncf,Male,nopre,type1,p3,l1,nopc,nob/c,596500,,,,360,not_neg,not_int,not_lpsm,,sb,pr,home,1U,10740,EQUI,556,EXP,55-64,to_inst,,south,direct,1,
32868,2019,cf,Male,nopre,type1,p1,l1,nopc,nob/c,146500,,,,360,neg_amm,not_int,not_lpsm,,sb,sr,home,1U,4440,EQUI,639,EXP,35-44,to_inst,,North,direct,1,
32891,2019,cf,Male,nopre,type3,p4,l1,nopc,nob/c,406500,,,,360,not_neg,not_int,not_lpsm,,sb,pr,home,1U,0,EQUI,725,EXP,35-44,to_inst,,south,direct,1,
32902,2019,cf,Male,nopre,type2,p4,l1,nopc,b/c,176500,,,,360,not_neg,not_int,not_lpsm,,sb,pr,home,1U,0,EQUI,530,EXP,35-44,to_inst,,south,direct,1,
32913,2019,ncf,Male,nopre,type3,p4,l1,nopc,nob/c,726500,,,,360,neg_amm,not_int,not_lpsm,,sb,pr,home,1U,0,EQUI,557,EXP,25-34,not_inst,,North,direct,1,
32930,2019,cf,Male,nopre,type1,p4,l1,nopc,nob/c,526500,,,,360,not_neg,not_int,not_lpsm,,sb,pr,home,1U,7620,EQUI,574,EXP,35-44,not_inst,,North,direct,1,
32968,2019,cf,Male,nopre,type1,p3,l1,nopc,nob/c,126500,,,,96,not_neg,not_int,not_lpsm,,sb,pr,home,1U,5580,EQUI,666,EXP,55-64,to_inst,,North,direct,1,
32973,2019,cf,Male,nopre,type1,p4,l1,nopc,nob/c,206500,,,,180,not_neg,not_int,lpsm,,sb,pr,home,1U,9180,EQUI,807,EXP,25-34,to_inst,,North,direct,1,
32998,2019,cf,Male,nopre,type1,p1,l1,nopc,nob/c,396500,,,,360,not_neg,not_int,not_lpsm,,sb,pr,home,1U,12060,EQUI,725,EXP,45-54,not_inst,,North,direct,1,
33002,2019,cf,Male,nopre,type1,p3,l1,nopc,nob/c,726500,,,,360,not_neg,not_int,not_lpsm,,sb,pr,home,1U,6300,EQUI,556,EXP,>74,to_inst,,North,direct,1,
33032,2019,cf,Male,nopre,type2,p3,l1,nopc,b/c,126500,,,,360,not_neg,int_only,not_lpsm,,sb,pr,home,1U,2280,EQUI,555,EXP,55-64,to_inst,,North,direct,1,
33082,2019,cf,Male,nopre,type1,p3,l1,nopc,nob/c,256500,,,,360,not_neg,not_int,lpsm,,sb,pr,home,1U,7500,EQUI,662,EXP,35-44,to_inst,,North,direct,1,
33101,2019,cf,Male,nopre,type1,p4,l1,nopc,nob/c,266500,,,,360,not_neg,not_int,not_lpsm,,sb,pr,home,1U,5880,EQUI,552,EXP,45-54,to_inst,,south,direct,1,
33152,2019,cf,Male,pre,type1,p4,l1,nopc,nob/c,486500,,,,360,not_neg,not_int,not_lpsm,,sb,ir,home,1U,10200,EQUI,755,EXP,35-44,not_inst,,south,direct,1,
33161,2019,cf,Male,nopre,type1,p1,l1,nopc,nob/c,206500,,,,360,neg_amm,not_int,not_lpsm,,sb,pr,home,1U,35340,EQUI,581,EXP,65-74,not_inst,,North,direct,1,
33172,2019,cf,Male,nopre,type2,p4,l2,nopc,b/c,476500,,,,360,not_neg,not_int,not_lpsm,,sb,pr,home,1U,0,EQUI,663,EXP,35-44,not_inst,,North,direct,1,
33209,2019,ncf,Male,nopre,type1,p3,l1,nopc,nob/c,116500,,,,360,not_neg,not_int,not_lpsm,,sb,pr,home,1U,2760,EQUI,689,EXP,65-74,to_inst,,south,direct,1,
33304,2019,cf,Male,nopre,type1,p3,l1,nopc,nob/c,486500,,,,360,not_neg,not_int,not_lpsm,,sb,pr,home,1U,10500,EQUI,886,EXP,45-54,to_inst,,North,direct,1,
33329,2019,cf,Male,pre,type1,p1,l1,nopc,nob/c,176500,,,,360,not_neg,not_int,not_lpsm,,sb,pr,home,1U,5160,EQUI,675,EXP,55-64,to_inst,,North,direct,1,
33399,2019,cf,Male,nopre,type3,p4,l1,nopc,nob/c,306500,,,,360,not_neg,not_int,lpsm,,sb,pr,home,1U,2580,EQUI,896,EXP,>74,to_inst,,central,direct,1,
33415,2019,cf,Male,nopre,type3,p3,l1,nopc,nob/c,176500,,,,360,not_neg,not_int,not_lpsm,,sb,pr,home,1U,5460,EQUI,826,EXP,>74,to_inst,,North,direct,1,
33469,2019,cf,Male,nopre,type1,p3,l1,nopc,nob/c,176500,,,,180,neg_amm,int_only,not_lpsm,,sb,pr,home,1U,4680,EQUI,766,EXP,45-54,to_inst,,south,direct,1,
33497,2019,cf,Male,nopre,type1,p1,l1,nopc,nob/c,486500,,,,360,not_neg,not_int,lpsm,,sb,pr,home,1U,4560,EQUI,676,EXP,25-34,not_inst,,North,direct,1,
33562,2019,cf,Male,nopre,type2,p4,l1,nopc,b/c,456500,,,,360,not_neg,not_int,not_lpsm,,sb,pr,home,1U,0,EQUI,561,EXP,25-34,to_inst,,North,direct,1,
33597,2019,cf,Male,nopre,type1,p4,l1,nopc,nob/c,196500,,,,360,not_neg,not_int,not_lpsm,,sb,pr,home,1U,2520,EQUI,619,EXP,35-44,to_inst,,North,direct,1,
33714,2019,,Male,nopre,type1,p4,l1,nopc,nob/c,156500,,,,360,neg_amm,not_int,not_lpsm,,sb,pr,home,1U,3300,EQUI,613,EXP,55-64,to_inst,,North,direct,1,
33881,2019,cf,Male,nopre,type1,p4,l1,nopc,nob/c,506500,,,,360,not_neg,not_int,not_lpsm,,sb,pr,home,1U,9060,EQUI,536,EXP,65-74,to_inst,,North,direct,1,
33887,2019,cf,Male,nopre,type2,p1,l1,nopc,b/c,216500,,,,360,neg_amm,not_int,not_lpsm,,sb,pr,home,1U,3540,EQUI,637,EXP,55-64,to_inst,,central,direct,1,
33895,2019,cf,Male,nopre,type1,p3,l1,nopc,nob/c,106500,,,,360,not_neg,not_int,not_lpsm,,sb,pr,home,1U,4020,EQUI,615,EXP,45-54,not_inst,,North,direct,1,
33920,2019,cf,Male,nopre,type1,p4,l1,nopc,nob/c,386500,,,,360,neg_amm,not_int,not_lpsm,,sb,pr,home,1U,6600,EQUI,697,EXP,25-34,not_inst,,south,direct,1,
33934,2019,cf,Male,nopre,type1,p3,l1,nopc,nob/c,306500,,,,360,not_neg,not_int,not_lpsm,,sb,pr,home,1U,5040,EQUI,857,EXP,35-44,to_inst,,south,direct,1,
33965,2019,cf,Male,nopre,type1,p1,l1,nopc,nob/c,316500,,,,360,neg_amm,not_int,not_lpsm,,sb,pr,home,2U,8760,EQUI,554,EXP,55-64,not_inst,,North,direct,1,
33987,2019,,Male,nopre,type1,p3,l1,nopc,nob/c,126500,,,,360,neg_amm,not_int,not_lpsm,,sb,pr,home,1U,5280,EQUI,608,EXP,25-34,to_inst,,North,direct,1,
34028,2019,cf,Male,nopre,type1,p4,l2,nopc,nob/c,186500,,,,336,neg_amm,not_int,not_lpsm,,sb,pr,home,1U,3720,EQUI,674,EXP,55-64,to_inst,,North,direct,1,
34069,2019,cf,Male,nopre,type2,p4,l1,nopc,b/c,306500,,,,360,not_neg,not_int,not_lpsm,,sb,pr,home,1U,0,EQUI,580,EXP,45-54,to_inst,,North,direct,1,
34085,2019,ncf,Male,pre,type1,p1,l1,nopc,nob/c,56500,,,,360,not_neg,not_int,not_lpsm,,sb,pr,home,1U,3180,EQUI,514,EXP,25-34,to_inst,,south,direct,1,
34098,2019,cf,Male,nopre,type1,p3,l1,nopc,nob/c,386500,,,,360,not_neg,not_int,not_lpsm,,sb,pr,home,1U,4680,EQUI,803,EXP,>74,not_inst,,south,direct,1,
34172,2019,cf,Male,nopre,type1,p1,l2,nopc,nob/c,206500,,,,300,neg_amm,not_int,not_lpsm,,sb,pr,home,1U,3180,EQUI,672,EXP,45-54,to_inst,,North,direct,1,
34211,2019,cf,Male,nopre,type3,p1,l1,nopc,nob/c,266500,,,,360,not_neg,not_int,lpsm,,sb,pr,home,1U,2220,EQUI,637,EXP,45-54,not_inst,,North,direct,1,
34220,2019,cf,Male,nopre,type1,p1,l1,nopc,nob/c,206500,,,,360,not_neg,not_int,not_lpsm,,sb,pr,home,1U,3900,EQUI,592,EXP,45-54,to_inst,,central,direct,1,
34260,2019,cf,Male,nopre,type1,p1,l1,nopc,nob/c,446500,,,,360,not_neg,not_int,lpsm,,sb,pr,home,1U,10260,EQUI,585,EXP,65-74,not_inst,,North,direct,1,
34284,2019,ncf,Male,pre,type1,p3,l1,nopc,nob/c,326500,,,,360,not_neg,not_int,not_lpsm,,sb,pr,home,1U,6300,EQUI,643,EXP,55-64,to_inst,,North,direct,1,
34321,2019,cf,Male,nopre,type1,p1,l1,nopc,nob/c,556500,,,,360,not_neg,not_int,not_lpsm,,sb,pr,home,1U,8040,EQUI,608,EXP,35-44,not_inst,,south,direct,1,
34343,2019,cf,Male,nopre,type1,p2,l1,nopc,nob/c,346500,,,,360,not_neg,not_int,not_lpsm,,sb,ir,home,1U,12300,EQUI,746,EXP,45-54,not_inst,,south,direct,1,
34378,2019,cf,Male,nopre,type2,p3,l1,nopc,b/c,376500,,,,360,not_neg,not_int,not_lpsm,,sb,pr,home,1U,4140,EQUI,549,EXP,65-74,to_inst,,central,direct,1,
34505,2019,cf,Male,nopre,type3,p4,l1,nopc,nob/c,316500,,,,360,not_neg,not_int,not_lpsm,,sb,pr,home,1U,0,EQUI,673,EXP,55-64,to_inst,,North,direct,1,
34525,2019,cf,Male,nopre,type1,p1,l1,nopc,nob/c,236500,,,,360,not_neg,not_int,not_lpsm,,sb,sr,home,1U,19680,EQUI,652,EXP,55-64,to_inst,,North,direct,1,
34528,2019,cf,Male,nopre,type1,p1,l1,nopc,nob/c,316500,,,,360,not_neg,not_int,not_lpsm,,sb,pr,home,1U,4320,EQUI,775,EXP,25-34,to_inst,,North,direct,1,
34556,2019,cf,Male,nopre,type1,p4,l1,nopc,nob/c,306500,,,,360,not_neg,int_only,not_lpsm,,sb,pr,home,1U,5760,EQUI,871,EXP,35-44,to_inst,,south,direct,1,
34565,2019,cf,Male,nopre,type2,p3,l1,nopc,b/c,286500,,,,360,neg_amm,not_int,not_lpsm,,sb,pr,home,1U,7560,EQUI,508,EXP,65-74,to_inst,,central,direct,1,
34575,2019,cf,Male,nopre,type2,p1,l1,nopc,b/c,256500,,,,360,not_neg,not_int,not_lpsm,,sb,pr,home,1U,0,EQUI,765,EXP,25-34,not_inst,,North,direct,1,
34649,2019,cf,Male,nopre,type1,p4,l1,nopc,nob/c,116500,,,,360,not_neg,not_int,not_lpsm,,sb,ir,home,1U,4500,EQUI,819,EXP,35-44,to_inst,,central,direct,1,
34653,2019,cf,Male,nopre,type1,p3,l1,nopc,nob/c,296500,,,,360,not_neg,not_int,not_lpsm,,sb,pr,home,1U,5400,EQUI,576,EXP,>74,not_inst,,North,direct,1,
34655,2019,cf,Male,nopre,type3,p1,l1,nopc,nob/c,146500,,,,360,neg_amm,not_int,not_lpsm,,sb,pr,home,1U,2460,EQUI,637,EXP,<25,to_inst,,south,direct,1,
34663,2019,cf,Male,pre,type1,p4,l1,nopc,nob/c,466500,,,,180,not_neg,not_int,not_lpsm,,sb,pr,home,1U,9540,EQUI,753,EXP,55-64,to_inst,,North,direct,1,
34674,2019,cf,Male,nopre,type3,p4,l1,nopc,nob/c,236500,,,,360,not_neg,not_int,lpsm,,sb,pr,home,1U,3060,EQUI,823,EXP,65-74,to_inst,,central,direct,1,
34682,2019,ncf,Male,pre,type1,p3,l1,nopc,nob/c,846500,,,,360,not_neg,not_int,not_lpsm,,sb,pr,home,1U,13560,EQUI,854,EXP,45-54,not_inst,,North,direct,1,
34772,2019,cf,Male,nopre,type3,p1,l1,nopc,nob/c,156500,,,,360,neg_amm,not_int,not_lpsm,,sb,pr,home,1U,3300,EQUI,661,EXP,25-34,to_inst,,North,direct,1,
34798,2019,cf,Male,nopre,type1,p2,l1,nopc,nob/c,76500,,,,180,not_neg,not_int,not_lpsm,,sb,pr,home,1U,1980,EQUI,694,EXP,65-74,to_inst,,North,direct,1,
34816,2019,cf,Male,pre,type3,p3,l1,nopc,nob/c,266500,,,,360,not_neg,not_int,not_lpsm,,sb,pr,home,1U,4080,EQUI,674,EXP,55-64,to_inst,,North,direct,1,
34883,2019,cf,Male,,type1,p1,l1,nopc,nob/c,226500,,,,360,not_neg,not_int,not_lpsm,,sb,pr,home,1U,5580,EQUI,823,EXP,35-44,to_inst,,North,direct,1,
34906,2019,cf,Male,nopre,type1,p3,l1,nopc,nob/c,146500,,,,360,not_neg,not_int,not_lpsm,,sb,ir,home,1U,2160,EQUI,527,EXP,>74,to_inst,,North,direct,1,
34907,2019,ncf,Male,nopre,type1,p4,l1,nopc,nob/c,776500,,,,300,neg_amm,not_int,not_lpsm,,sb,pr,home,1U,23340,EQUI,534,EXP,55-64,not_inst,,North,direct,1,
34924,2019,ncf,Male,nopre,type1,p1,l1,nopc,nob/c,1006500,,,,360,not_neg,not_int,not_lpsm,,sb,pr,home,1U,17400,EQUI,745,EXP,35-44,to_inst,,central,direct,1,
35001,2019,cf,Male,nopre,type2,p4,l2,nopc,b/c,216500,,,,240,neg_amm,not_int,not_lpsm,,sb,pr,home,1U,8340,EQUI,581,EXP,35-44,to_inst,,central,direct,1,
35019,2019,cf,Male,nopre,type2,p4,l1,nopc,b/c,226500,,,,360,not_neg,not_int,not_lpsm,,sb,pr,home,1U,3240,EQUI,838,EXP,<25,not_inst,,south,direct,1,
35058,2019,cf,Male,nopre,type1,p1,l1,nopc,nob/c,106500,,,,360,not_neg,not_int,not_lpsm,,sb,ir,home,1U,4620,EQUI,672,EXP,45-54,to_inst,,North,direct,1,
35071,2019,cf,Male,nopre,type1,p1,l2,nopc,nob/c,426500,,,,300,neg_amm,not_int,not_lpsm,,sb,pr,home,1U,5820,EQUI,718,EXP,65-74,to_inst,,North,direct,1,
35075,2019,ncf,Male,pre,type3,p4,l1,nopc,nob/c,136500,,,,360,not_neg,not_int,not_lpsm,,sb,pr,home,1U,2040,EQUI,586,EXP,>74,to_inst,,North,direct,1,
35090,2019,cf,Male,nopre,type1,p1,l1,nopc,nob/c,266500,,,,360,not_neg,not_int,not_lpsm,,sb,pr,home,1U,2820,EQUI,716,EXP,<25,not_inst,,North,direct,1,
35101,2019,cf,Male,nopre,type1,p4,l1,nopc,nob/c,86500,,,,240,not_neg,not_int,not_lpsm,,sb,pr,home,1U,2160,EQUI,701,EXP,45-54,not_inst,,central,direct,1,
35111,2019,cf,Male,nopre,type1,p3,l1,nopc,nob/c,426500,,,,360,not_neg,not_int,lpsm,,sb,pr,home,1U,5880,EQUI,657,EXP,45-54,not_inst,,south,direct,1,
35119,2019,cf,Male,nopre,type1,p4,l1,nopc,nob/c,426500,,,,360,not_neg,not_int,not_lpsm,,sb,ir,home,1U,9780,EQUI,636,EXP,35-44,not_inst,,south,direct,1,
35136,2019,ncf,Male,pre,type2,p1,l1,nopc,b/c,306500,,,,360,not_neg,not_int,not_lpsm,,sb,pr,home,1U,3960,EQUI,691,EXP,55-64,to_inst,,North,direct,1,
35137,2019,cf,Male,nopre,type1,p3,l1,nopc,nob/c,96500,,,,240,not_neg,not_int,not_lpsm,,sb,pr,home,1U,2280,EQUI,624,EXP,45-54,to_inst,,North,direct,1,
35138,2019,cf,Male,nopre,type3,p3,l2,nopc,nob/c,266500,,,,300,neg_amm,not_int,not_lpsm,,sb,pr,home,1U,4620,EQUI,832,EXP,65-74,to_inst,,North,direct,1,
35161,2019,cf,Male,nopre,type3,p4,l1,nopc,nob/c,446500,,,,360,not_neg,not_int,not_lpsm,,sb,pr,home,1U,0,EQUI,859,EXP,45-54,not_inst,,North,direct,1,
35317,2019,ncf,Male,nopre,type1,p1,l1,nopc,nob/c,876500,,,,360,not_neg,not_int,not_lpsm,,sb,pr,home,1U,11940,EQUI,522,EXP,55-64,not_inst,,North,direct,1,
35352,2019,cf,Male,nopre,type1,p3,l1,nopc,nob/c,686500,,,,360,not_neg,not_int,not_lpsm,,sb,pr,home,1U,6480,EQUI,727,EXP,45-54,to_inst,,North,direct,1,
35399,2019,cf,Male,nopre,type1,p4,l1,nopc,nob/c,186500,,,,180,neg_amm,not_int,not_lpsm,,sb,pr,home,1U,5940,EQUI,581,EXP,45-54,to_inst,,central,direct,1,
35425,2019,cf,Male,,type2,p4,l1,nopc,b/c,356500,,,,360,not_neg,not_int,not_lpsm,,sb,pr,home,1U,4260,EQUI,864,EXP,>74,to_inst,,North,direct,1,
35444,2019,cf,Male,nopre,type2,p3,l1,nopc,b/c,586500,,,,360,not_neg,not_int,not_lpsm,,sb,pr,home,1U,8640,EQUI,878,EXP,45-54,not_inst,,central,direct,1,
35451,2019,ncf,Male,,type1,p4,l1,nopc,nob/c,956500,,,,360,not_neg,not_int,not_lpsm,,sb,pr,home,1U,23460,EQUI,746,EXP,45-54,to_inst,,south,direct,1,
35459,2019,cf,Male,nopre,type1,p4,l1,nopc,nob/c,566500,,,,360,not_neg,not_int,not_lpsm,,sb,pr,home,1U,10080,EQUI,834,EXP,35-44,to_inst,,North,direct,1,
35472,2019,cf,Male,pre,type1,p3,l1,nopc,nob/c,226500,,,,360,not_neg,not_int,not_lpsm,,sb,pr,home,1U,2520,EQUI,715,EXP,25-34,to_inst,,central,direct,1,
35519,2019,cf,Male,nopre,type1,p3,l1,nopc,nob/c,476500,,,,360,not_neg,not_int,not_lpsm,,sb,pr,home,1U,8640,EQUI,500,EXP,55-64,not_inst,,North-East,direct,1,
35560,2019,cf,Male,nopre,type1,p3,l2,nopc,nob/c,176500,,,,300,neg_amm,int_only,not_lpsm,,sb,pr,home,1U,4500,EQUI,573,EXP,35-44,to_inst,,south,direct,1,
35610,2019,,Male,nopre,type1,p1,l1,nopc,nob/c,176500,,,,360,not_neg,not_int,not_lpsm,,sb,pr,home,1U,3120,EQUI,502,EXP,65-74,to_inst,,North,direct,1,
35657,2019,cf,Male,nopre,type1,p2,l1,nopc,nob/c,106500,,,,180,not_neg,not_int,not_lpsm,,sb,pr,home,1U,3480,EQUI,592,EXP,55-64,to_inst,,North,direct,1,
35663,2019,cf,Male,nopre,type1,p4,l1,nopc,nob/c,346500,,,,180,not_neg,not_int,not_lpsm,,sb,pr,home,1U,10440,EQUI,804,EXP,25-34,not_inst,,North,direct,1,
35694,2019,cf,Male,pre,type1,p1,l1,nopc,nob/c,366500,,,,360,not_neg,not_int,not_lpsm,,sb,pr,home,1U,5580,EQUI,560,EXP,45-54,to_inst,,North,direct,1,
35698,2019,cf,Male,nopre,type1,p3,l1,nopc,nob/c,126500,,,,360,not_neg,not_int,not_lpsm,,sb,ir,home,1U,2340,EQUI,511,EXP,25-34,not_inst,,North,direct,1,
35734,2019,cf,Male,pre,type3,p3,l1,nopc,nob/c,426500,,,,360,not_neg,not_int,not_lpsm,,sb,pr,home,1U,4560,EQUI,561,EXP,>74,to_inst,,central,direct,1,
35741,2019,cf,Male,nopre,type1,p3,l2,nopc,nob/c,396500,,,,180,neg_amm,int_only,not_lpsm,,sb,pr,home,1U,7560,EQUI,644,EXP,55-64,not_inst,,North,direct,1,
35746,2019,cf,Male,nopre,type1,p4,l2,nopc,nob/c,406500,,,,300,neg_amm,int_only,not_lpsm,,sb,pr,home,1U,6120,EQUI,888,EXP,35-44,to_inst,,North,direct,1,
35789,2019,cf,Male,nopre,type1,p3,l1,nopc,nob/c,266500,,,,180,not_neg,not_int,not_lpsm,,sb,pr,home,1U,8400,EQUI,848,EXP,55-64,to_inst,,North,direct,1,
35798,2019,cf,Male,nopre,type1,p3,l2,nopc,nob/c,486500,,,,360,not_neg,not_int,not_lpsm,,sb,pr,home,1U,9420,EQUI,500,EXP,35-44,to_inst,,North,direct,1,
35819,2019,ncf,Male,nopre,type1,p1,l1,nopc,nob/c,736500,,,,360,not_neg,not_int,not_lpsm,,sb,pr,home,1U,29580,EQUI,752,EXP,45-54,not_inst,,central,direct,1,
35845,2019,cf,Male,nopre,type1,p1,l1,nopc,nob/c,246500,,,,360,neg_amm,not_int,not_lpsm,,sb,pr,home,1U,11700,EQUI,550,EXP,55-64,to_inst,,North,direct,1,
35849,2019,cf,Male,nopre,type1,p4,l1,nopc,nob/c,306500,,,,240,not_neg,not_int,lpsm,,sb,pr,home,1U,5460,EQUI,737,EXP,55-64,to_inst,,North,direct,1,
35851,2019,cf,Male,nopre,type1,p4,l1,nopc,nob/c,366500,,,,360,not_neg,int_only,not_lpsm,,sb,pr,home,1U,11700,EQUI,760,EXP,35-44,not_inst,,south,direct,1,
35929,2019,cf,Male,pre,type1,p4,l1,nopc,nob/c,206500,,,,180,not_neg,not_int,not_lpsm,,sb,pr,home,1U,3840,EQUI,609,EXP,55-64,to_inst,,North,direct,1,
35964,2019,cf,Male,nopre,type1,p4,l1,nopc,nob/c,436500,,,,360,not_neg,not_int,not_lpsm,,sb,pr,home,1U,5340,EQUI,556,EXP,25-34,not_inst,,North,direct,1,
35997,2019,cf,Male,nopre,type2,p1,l1,nopc,b/c,216500,,,,360,not_neg,not_int,not_lpsm,,sb,pr,home,1U,6000,EQUI,639,EXP,45-54,to_inst,,North,direct,1,
36041,2019,cf,Male,pre,type1,p4,l1,nopc,nob/c,316500,,,,360,not_neg,not_int,not_lpsm,,sb,pr,home,1U,7020,EQUI,743,EXP,55-64,to_inst,,North,direct,1,
36090,2019,cf,Male,nopre,type1,p4,l1,nopc,nob/c,76500,,,,180,neg_amm,not_int,not_lpsm,,sb,pr,home,1U,2040,EQUI,733,EXP,>74,to_inst,,North,direct,1,
36094,2019,cf,Male,nopre,type1,p3,l1,nopc,nob/c,486500,,,,360,not_neg,not_int,lpsm,,sb,pr,home,1U,6120,EQUI,758,EXP,35-44,not_inst,,North,direct,1,
36102,2019,cf,Male,nopre,type1,p1,l1,nopc,nob/c,306500,,,,360,not_neg,not_int,lpsm,,sb,pr,home,1U,5580,EQUI,847,EXP,25-34,not_inst,,North,direct,1,
36142,2019,cf,Male,nopre,type2,p4,l1,nopc,b/c,296500,,,,360,not_neg,not_int,not_lpsm,,sb,pr,home,1U,0,EQUI,580,EXP,35-44,not_inst,,North,direct,1,
36144,2019,cf,Male,nopre,type1,p3,l1,nopc,nob/c,526500,,,,360,not_neg,not_int,not_lpsm,,sb,pr,home,1U,5220,EQUI,776,EXP,45-54,not_inst,,south,direct,1,
36156,2019,cf,Male,nopre,type1,p4,l1,nopc,nob/c,116500,,,,144,not_neg,not_int,not_lpsm,,sb,pr,home,1U,4560,EQUI,880,EXP,55-64,to_inst,,south,direct,1,
36180,2019,cf,Male,nopre,type1,p4,l1,nopc,nob/c,306500,,,,360,not_neg,not_int,not_lpsm,,sb,pr,home,1U,5460,EQUI,833,EXP,45-54,to_inst,,south,direct,1,
36204,2019,cf,Male,nopre,type3,p3,l1,nopc,nob/c,256500,,,,360,not_neg,not_int,not_lpsm,,sb,pr,home,1U,3300,EQUI,552,EXP,>74,to_inst,,North,direct,1,
36247,2019,cf,Male,pre,type1,p4,l1,nopc,nob/c,446500,,,,360,not_neg,not_int,not_lpsm,,sb,ir,home,1U,18240,EQUI,707,EXP,65-74,not_inst,,south,direct,1,
36253,2019,cf,Male,nopre,type3,p3,l1,nopc,nob/c,166500,,,,360,not_neg,not_int,not_lpsm,,sb,pr,home,1U,2340,EQUI,755,EXP,65-74,to_inst,,south,direct,1,
36262,2019,cf,Male,pre,type3,p1,l1,nopc,nob/c,516500,,,,360,not_neg,not_int,not_lpsm,,sb,pr,home,1U,7140,EQUI,840,EXP,45-54,not_inst,,south,direct,1,
36392,2019,ncf,Male,pre,type1,p1,l1,nopc,nob/c,206500,,,,180,not_neg,not_int,not_lpsm,,sb,pr,home,1U,5340,EQUI,669,EXP,35-44,to_inst,,North,direct,1,
36420,2019,cf,Male,nopre,type3,p4,l1,nopc,nob/c,236500,,,,360,not_neg,not_int,not_lpsm,,sb,pr,home,1U,3420,EQUI,686,EXP,65-74,to_inst,,North,direct,1,
36424,2019,cf,Male,nopre,type1,p4,l1,nopc,nob/c,286500,,,,360,not_neg,not_int,not_lpsm,,sb,pr,home,1U,3660,EQUI,833,EXP,65-74,not_inst,,North,direct,1,
36426,2019,cf,Male,pre,type2,p3,l1,nopc,b/c,306500,,,,360,not_neg,not_int,not_lpsm,,sb,pr,home,1U,5220,EQUI,543,EXP,25-34,to_inst,,south,direct,1,
36513,2019,cf,Male,nopre,type2,p1,l1,nopc,b/c,306500,,,,360,neg_amm,not_int,not_lpsm,,sb,pr,home,1U,7200,EQUI,508,EXP,35-44,to_inst,,North,direct,1,
36531,2019,cf,Male,nopre,type1,p3,l1,nopc,nob/c,316500,,,,360,not_neg,not_int,lpsm,,sb,pr,home,1U,3720,EQUI,642,EXP,45-54,to_inst,,south,direct,1,
36555,2019,cf,Male,nopre,type1,p4,l1,nopc,nob/c,326500,,,,180,not_neg,not_int,not_lpsm,,sb,pr,home,1U,5700,EQUI,704,EXP,35-44,not_inst,,south,direct,1,
36583,2019,cf,Male,nopre,type1,p3,l1,nopc,nob/c,186500,,,,180,not_neg,not_int,not_lpsm,,sb,pr,home,1U,0,EQUI,706,EXP,>74,to_inst,,North,direct,1,
36602,2019,cf,Male,pre,type3,p1,l1,nopc,nob/c,116500,,,,360,not_neg,not_int,not_lpsm,,sb,pr,home,1U,2520,EQUI,667,EXP,<25,to_inst,,North,direct,1,
36609,2019,cf,Male,nopre,type3,p3,l1,nopc,nob/c,356500,,,,360,not_neg,not_int,not_lpsm,,sb,pr,home,1U,5820,EQUI,734,EXP,35-44,not_inst,,south,direct,1,
36615,2019,cf,Male,nopre,type1,p4,l1,nopc,nob/c,226500,,,,360,not_neg,not_int,lpsm,,sb,pr,home,1U,4620,EQUI,668,EXP,45-54,to_inst,,North,direct,1,
36635,2019,cf,Male,nopre,type1,p1,l1,nopc,nob/c,366500,,,,360,neg_amm,not_int,not_lpsm,,sb,pr,home,1U,6240,EQUI,667,EXP,35-44,to_inst,,North,direct,1,
36708,2019,cf,Male,nopre,type1,p3,l1,nopc,nob/c,296500,,,,360,not_neg,not_int,not_lpsm,,sb,pr,home,1U,7500,EQUI,796,EXP,35-44,not_inst,,North,direct,1,
36768,2019,cf,Male,nopre,type1,p1,l1,nopc,nob/c,176500,,,,180,not_neg,not_int,not_lpsm,,sb,pr,home,1U,4320,EQUI,771,EXP,25-34,to_inst,,North,direct,1,
36776,2019,cf,Male,nopre,type1,p4,l1,nopc,nob/c,196500,,,,360,not_neg,not_int,lpsm,,sb,pr,home,1U,3540,EQUI,657,EXP,>74,to_inst,,North,direct,1,
36796,2019,ncf,Male,nopre,type1,p1,l1,nopc,nob/c,1276500,,,,180,not_neg,not_int,not_lpsm,,sb,pr,home,1U,23100,EQUI,776,EXP,>74,to_inst,,North,direct,1,
36826,2019,cf,Male,nopre,type1,p1,l1,nopc,nob/c,156500,,,,360,neg_amm,not_int,not_lpsm,,sb,sr,home,1U,12420,EQUI,579,EXP,45-54,to_inst,,North,direct,1,
36904,2019,cf,Male,nopre,type3,p3,l1,nopc,nob/c,106500,,,,360,not_neg,not_int,not_lpsm,,sb,pr,home,1U,1860,EQUI,599,EXP,65-74,to_inst,,central,direct,1,
36984,2019,cf,Male,nopre,type2,p1,l1,nopc,b/c,546500,,,,360,not_neg,not_int,lpsm,,sb,pr,home,1U,7620,EQUI,789,EXP,<25,not_inst,,North,direct,1,
37022,2019,cf,Male,nopre,type1,p1,l1,nopc,nob/c,266500,,,,360,not_neg,not_int,not_lpsm,,sb,sr,home,1U,8280,EQUI,787,EXP,45-54,not_inst,,south,direct,1,
37118,2019,cf,Male,nopre,type1,p1,l1,nopc,nob/c,216500,,,,360,not_neg,not_int,not_lpsm,,sb,pr,home,1U,3000,EQUI,668,EXP,25-34,not_inst,,North,direct,1,
37161,2019,cf,Male,pre,type1,p1,l1,nopc,nob/c,396500,,,,360,not_neg,not_int,not_lpsm,,sb,pr,home,2U,3780,EQUI,605,EXP,25-34,not_inst,,North,direct,1,
37164,2019,cf,Male,nopre,type1,p4,l1,nopc,nob/c,466500,,,,360,not_neg,not_int,not_lpsm,,sb,pr,home,1U,6780,EQUI,874,EXP,55-64,not_inst,,south,direct,1,
37237,2019,cf,Male,nopre,type2,p4,l1,nopc,b/c,286500,,,,360,not_neg,not_int,not_lpsm,,sb,pr,home,1U,5580,EQUI,637,EXP,45-54,to_inst,,North,direct,1,
37242,2019,cf,Male,nopre,type1,p1,l1,nopc,nob/c,156500,,,,360,not_neg,not_int,not_lpsm,,sb,pr,home,1U,2580,EQUI,630,EXP,>74,to_inst,,North,direct,1,
37261,2019,cf,Male,nopre,type3,p1,l1,nopc,nob/c,196500,,,,360,not_neg,not_int,not_lpsm,,sb,pr,home,1U,7140,EQUI,825,EXP,45-54,to_inst,,North,direct,1,
37346,2019,cf,Male,nopre,type1,p4,l1,nopc,nob/c,136500,,,,180,not_neg,not_int,not_lpsm,,sb,pr,home,1U,2280,EQUI,656,EXP,<25,to_inst,,North,direct,1,
37376,2019,cf,Male,nopre,type1,p1,l1,nopc,nob/c,126500,,,,360,not_neg,not_int,lpsm,,sb,ir,home,1U,5700,EQUI,726,EXP,25-34,not_inst,,North,direct,1,
37388,2019,cf,Male,nopre,type1,p1,l1,nopc,nob/c,396500,,,,360,neg_amm,not_int,not_lpsm,,sb,pr,home,1U,5520,EQUI,552,EXP,45-54,not_inst,,North,direct,1,
37398,2019,ncf,Male,nopre,type1,,l1,nopc,nob/c,846500,,,,360,not_neg,not_int,not_lpsm,,sb,pr,home,1U,34260,EQUI,571,EXP,35-44,not_inst,,North,direct,1,
37417,2019,cf,Male,nopre,type1,p3,l1,nopc,nob/c,136500,,,,240,not_neg,not_int,not_lpsm,,sb,pr,home,1U,3900,EQUI,664,EXP,35-44,to_inst,,North,direct,1,
37425,2019,cf,Male,nopre,type3,p3,l1,nopc,nob/c,486500,,,,360,not_neg,not_int,not_lpsm,,sb,pr,home,1U,5520,EQUI,737,EXP,65-74,to_inst,,North,direct,1,
37436,2019,cf,Male,nopre,type1,p4,l1,nopc,nob/c,276500,,,,360,not_neg,not_int,not_lpsm,,sb,pr,home,1U,4800,EQUI,632,EXP,45-54,to_inst,,south,direct,1,
37437,2019,cf,Male,nopre,type3,p4,l2,nopc,nob/c,476500,,,,300,neg_amm,not_int,not_lpsm,,sb,pr,home,1U,5760,EQUI,804,EXP,25-34,not_inst,,south,direct,1,
37531,2019,cf,Male,nopre,type1,p4,l1,nopc,nob/c,276500,,,,360,not_neg,not_int,not_lpsm,,sb,pr,home,1U,0,EQUI,833,EXP,35-44,to_inst,,North,direct,1,
37534,2019,cf,Male,nopre,type1,p3,l1,nopc,nob/c,336500,,,,300,not_neg,not_int,not_lpsm,,sb,pr,home,4U,4020,EQUI,568,EXP,55-64,to_inst,,North,direct,1,
37566,2019,cf,Male,pre,type2,p4,l1,nopc,b/c,366500,,,,360,not_neg,not_int,not_lpsm,,sb,pr,home,1U,6480,EQUI,671,EXP,45-54,to_inst,,south,direct,1,
37568,2019,cf,Male,nopre,type2,p3,l1,nopc,b/c,176500,,,,360,not_neg,not_int,not_lpsm,,sb,pr,home,1U,2340,EQUI,897,EXP,65-74,to_inst,,North,direct,1,
37674,2019,cf,Male,nopre,type1,p3,l1,nopc,nob/c,236500,,,,360,not_neg,not_int,not_lpsm,,sb,ir,home,1U,5520,EQUI,564,EXP,55-64,to_inst,,central,direct,1,
37675,2019,cf,Male,nopre,type1,p4,l1,nopc,nob/c,86500,,,,240,not_neg,not_int,lpsm,,sb,pr,home,1U,1320,EQUI,570,EXP,>74,to_inst,,North,direct,1,
37677,2019,ncf,Male,pre,type1,p4,l1,nopc,nob/c,86500,,,,360,not_neg,not_int,not_lpsm,,sb,pr,home,1U,2160,EQUI,529,EXP,55-64,to_inst,,North,direct,1,
37730,2019,cf,Male,pre,type1,p4,l1,nopc,nob/c,256500,,,,360,not_neg,not_int,not_lpsm,,sb,pr,home,1U,5760,EQUI,641,EXP,25-34,to_inst,,North,direct,1,
37750,2019,cf,Male,nopre,type3,p1,l1,nopc,nob/c,376500,,,,360,not_neg,not_int,not_lpsm,,sb,pr,home,1U,3840,EQUI,727,EXP,45-54,not_inst,,North,direct,1,
37771,2019,,Male,nopre,type1,p4,l1,nopc,nob/c,446500,,,,300,neg_amm,not_int,not_lpsm,,sb,pr,home,1U,5340,EQUI,652,EXP,65-74,not_inst,,south,direct,1,
37788,2019,cf,Male,nopre,type1,p4,l2,nopc,nob/c,426500,,,,360,not_neg,not_int,not_lpsm,,sb,pr,home,1U,5400,EQUI,701,EXP,35-44,not_inst,,North,direct,1,
37815,2019,cf,Male,nopre,type2,p4,l2,nopc,b/c,216500,,,,360,not_neg,not_int,not_lpsm,,sb,pr,home,1U,0,EQUI,550,EXP,25-34,to_inst,,south,direct,1,
37849,2019,cf,Male,nopre,type1,p3,l1,nopc,nob/c,286500,,,,360,not_neg,not_int,not_lpsm,,sb,pr,home,1U,3360,EQUI,597,EXP,35-44,not_inst,,North,direct,1,
37897,2019,ncf,Male,nopre,type3,p1,l1,nopc,nob/c,566500,,,,324,neg_amm,not_int,not_lpsm,,sb,pr,home,1U,15240,EQUI,721,EXP,45-54,to_inst,,North,direct,1,
37983,2019,ncf,Male,nopre,type3,p1,l1,nopc,nob/c,836500,,,,360,not_neg,not_int,not_lpsm,,sb,pr,home,1U,7500,EQUI,889,EXP,35-44,to_inst,,North,direct,1,
38037,2019,,Male,nopre,type1,p4,l1,nopc,nob/c,326500,,,,360,neg_amm,not_int,not_lpsm,,sb,pr,home,1U,7140,EQUI,656,EXP,45-54,to_inst,,North,direct,1,
38070,2019,cf,Male,nopre,type2,p3,l1,nopc,b/c,256500,,,,240,not_neg,not_int,not_lpsm,,sb,pr,home,1U,4800,EQUI,679,EXP,45-54,to_inst,,North,direct,1,
38072,2019,cf,Male,nopre,type1,p4,l1,nopc,nob/c,136500,,,,360,not_neg,not_int,lpsm,,sb,pr,home,1U,5040,EQUI,640,EXP,45-54,to_inst,,North,direct,1,
38143,2019,cf,Male,nopre,type3,p1,l1,nopc,nob/c,766500,,,,360,neg_amm,not_int,not_lpsm,,sb,pr,home,4U,9240,EQUI,548,EXP,25-34,to_inst,,North,direct,1,
38164,2019,cf,Male,nopre,type1,p4,l1,nopc,nob/c,216500,,,,120,not_neg,not_int,not_lpsm,,sb,pr,home,1U,2640,EQUI,643,EXP,55-64,to_inst,,North,direct,1,
38176,2019,cf,Male,nopre,type1,p3,l1,nopc,nob/c,396500,,,,360,neg_amm,not_int,not_lpsm,,sb,pr,home,1U,7440,EQUI,797,EXP,65-74,to_inst,,North,direct,1,
38182,2019,cf,Male,nopre,type1,p4,l1,nopc,nob/c,256500,,,,180,not_neg,not_int,not_lpsm,,sb,pr,home,1U,7680,EQUI,806,EXP,55-64,to_inst,,North,direct,1,
38217,2019,cf,Male,pre,type3,p4,l1,nopc,nob/c,156500,,,,360,not_neg,not_int,not_lpsm,,sb,pr,home,1U,2040,EQUI,682,EXP,45-54,to_inst,,North,direct,1,
38254,2019,cf,Male,pre,type1,p4,l1,nopc,nob/c,196500,,,,180,not_neg,not_int,not_lpsm,,sb,pr,home,1U,3300,EQUI,852,EXP,35-44,to_inst,,North,direct,1,
38286,2019,ncf,Male,nopre,type1,p1,l1,nopc,nob/c,526500,,,,360,not_neg,not_int,lpsm,,sb,sr,home,1U,26880,EQUI,583,EXP,55-64,to_inst,,North,direct,1,
38294,2019,cf,Male,nopre,type1,p4,l1,nopc,nob/c,176500,,,,180,not_neg,not_int,not_lpsm,,sb,pr,home,1U,4140,EQUI,528,EXP,65-74,to_inst,,central,direct,1,
38298,2019,cf,Male,nopre,type1,p1,l1,nopc,nob/c,486500,,,,360,not_neg,not_int,not_lpsm,,sb,pr,home,1U,7260,EQUI,825,EXP,45-54,not_inst,,North,direct,1,
38308,2019,cf,Male,nopre,type2,p4,l1,nopc,b/c,486500,,,,360,not_neg,not_int,not_lpsm,,sb,pr,home,1U,0,EQUI,880,EXP,>74,to_inst,,North,direct,1,
38413,2019,cf,Male,nopre,type3,p3,l1,nopc,nob/c,356500,,,,360,not_neg,not_int,not_lpsm,,sb,pr,home,1U,6180,EQUI,512,EXP,65-74,to_inst,,North,direct,1,
38435,2019,cf,Male,nopre,type1,p1,l1,nopc,nob/c,386500,,,,180,not_neg,not_int,not_lpsm,,sb,sr,home,1U,13140,EQUI,796,EXP,55-64,to_inst,,North,direct,1,
38455,2019,cf,Male,pre,type1,p3,l1,nopc,nob/c,146500,,,,360,not_neg,not_int,not_lpsm,,sb,pr,home,1U,5880,EQUI,802,EXP,55-64,to_inst,,North,direct,1,
38471,2019,,Male,nopre,type3,p3,l1,nopc,nob/c,126500,,,,360,not_neg,not_int,not_lpsm,,sb,pr,home,1U,2520,EQUI,772,EXP,45-54,to_inst,,North,direct,1,
38532,2019,cf,Male,pre,type1,p1,l1,nopc,nob/c,266500,,,,360,not_neg,not_int,not_lpsm,,sb,pr,home,1U,3900,EQUI,839,EXP,25-34,not_inst,,North,direct,1,
38554,2019,cf,Male,nopre,type3,p4,l1,nopc,nob/c,436500,,,,360,not_neg,not_int,not_lpsm,,sb,pr,home,1U,5760,EQUI,788,EXP,35-44,to_inst,,North,direct,1,
38658,2019,cf,Male,nopre,type1,p4,l2,nopc,nob/c,286500,,,,240,neg_amm,not_int,not_lpsm,,sb,pr,home,1U,6300,EQUI,761,EXP,55-64,to_inst,,North,direct,1,
38680,2019,cf,Male,nopre,type2,p3,l1,nopc,b/c,66500,,,,180,not_neg,not_int,not_lpsm,,sb,pr,home,1U,2220,EQUI,602,EXP,>74,to_inst,,North,direct,1,
38695,2019,cf,Male,nopre,type2,p4,l1,nopc,b/c,226500,,,,360,not_neg,not_int,not_lpsm,,sb,pr,home,1U,6720,EQUI,621,EXP,35-44,to_inst,,south,direct,1,
38730,2019,cf,Male,nopre,type1,p4,l1,nopc,nob/c,696500,,,,360,not_neg,not_int,not_lpsm,,sb,pr,home,1U,11460,EQUI,877,EXP,25-34,to_inst,,North,direct,1,
38745,2019,,Male,nopre,type1,p4,l1,nopc,nob/c,876500,,,,360,not_neg,not_int,not_lpsm,,sb,pr,home,3U,10620,EQUI,852,EXP,25-34,not_inst,,North,direct,1,
38756,2019,cf,Male,nopre,type1,p1,l2,nopc,nob/c,486500,,,,300,neg_amm,not_int,not_lpsm,,sb,pr,home,1U,12600,EQUI,611,EXP,35-44,not_inst,,North,direct,1,
38758,2019,ncf,Male,pre,type1,p1,l1,nopc,nob/c,56500,,,,180,not_neg,not_int,not_lpsm,,sb,sr,home,1U,5220,EQUI,721,EXP,55-64,to_inst,,North,direct,1,
38808,2019,cf,Male,nopre,type1,p4,l2,nopc,nob/c,366500,,,,180,neg_amm,not_int,not_lpsm,,sb,pr,home,1U,9000,EQUI,891,EXP,35-44,to_inst,,North,direct,1,
38879,2019,cf,Male,nopre,type1,p1,l1,nopc,nob/c,346500,,,,360,neg_amm,not_int,not_lpsm,,sb,pr,home,1U,7080,EQUI,762,EXP,35-44,to_inst,,North,direct,1,
38911,2019,ncf,Male,nopre,type2,p1,l1,nopc,b/c,206500,,,,360,not_neg,not_int,not_lpsm,,sb,pr,home,1U,3120,EQUI,881,EXP,55-64,to_inst,,North,direct,1,
38936,2019,cf,Male,nopre,type1,p4,l2,nopc,nob/c,556500,,,,180,neg_amm,not_int,not_lpsm,,sb,pr,home,1U,12420,EQUI,798,EXP,55-64,to_inst,,North,direct,1,
38997,2019,cf,Male,nopre,type1,p3,l1,nopc,nob/c,126500,,,,360,not_neg,not_int,not_lpsm,,sb,pr,home,1U,1740,EQUI,884,EXP,65-74,not_inst,,North,direct,1,
39047,2019,ncf,Male,nopre,type1,p4,l1,nopc,nob/c,966500,,,,180,not_neg,not_int,not_lpsm,,sb,pr,home,1U,52860,EQUI,761,EXP,65-74,not_inst,,North,direct,1,
39148,2019,cf,Male,nopre,type1,p4,l1,nopc,nob/c,616500,,,,360,not_neg,not_int,not_lpsm,,sb,pr,home,1U,14040,EQUI,770,EXP,35-44,not_inst,,south,direct,1,
39192,2019,cf,Male,nopre,type1,p4,l1,nopc,nob/c,256500,,,,360,not_neg,not_int,lpsm,,sb,pr,home,1U,4560,EQUI,644,EXP,65-74,to_inst,,south,direct,1,
39202,2019,cf,Male,nopre,type1,p1,l1,nopc,nob/c,276500,,,,360,not_neg,not_int,not_lpsm,,sb,pr,home,1U,4200,EQUI,788,EXP,35-44,to_inst,,North,direct,1,
39260,2019,cf,Male,nopre,type2,p3,l1,nopc,b/c,146500,,,,360,not_neg,not_int,not_lpsm,,sb,pr,home,1U,3420,EQUI,593,EXP,45-54,to_inst,,North,direct,1,
39331,2019,ncf,Male,nopre,type1,p1,l1,nopc,nob/c,716500,,,,360,not_neg,not_int,not_lpsm,,sb,ir,home,1U,13740,EQUI,767,EXP,25-34,not_inst,,North,direct,1,
39350,2019,cf,Male,nopre,type1,p1,l1,nopc,nob/c,176500,,,,360,not_neg,not_int,lpsm,,sb,pr,home,1U,1680,EQUI,730,EXP,<25,to_inst,,south,direct,1,
39355,2019,,Male,nopre,type1,p1,l1,nopc,nob/c,146500,,,,360,neg_amm,not_int,not_lpsm,,sb,pr,home,1U,2280,EQUI,611,EXP,25-34,to_inst,,south,direct,1,
39363,2019,cf,Male,nopre,type3,p3,l1,nopc,nob/c,446500,,,,360,not_neg,not_int,not_lpsm,,sb,pr,home,1U,6840,EQUI,548,EXP,45-54,to_inst,,south,direct,1,
39380,2019,cf,Male,nopre,type1,p1,l1,nopc,nob/c,216500,,,,360,not_neg,not_int,not_lpsm,,sb,pr,home,1U,5100,EQUI,500,EXP,25-34,to_inst,,south,direct,1,
39435,2019,cf,Male,nopre,type1,p4,l1,nopc,nob/c,136500,,,,240,not_neg,not_int,lpsm,,sb,pr,home,1U,6300,EQUI,667,EXP,55-64,to_inst,,central,direct,1,
39487,2019,cf,Male,pre,type1,,l1,nopc,nob/c,176500,,,,360,not_neg,not_int,not_lpsm,,sb,pr,home,1U,2520,EQUI,565,EXP,65-74,to_inst,,North,direct,1,
39522,2019,cf,Male,nopre,type2,p1,l1,nopc,b/c,176500,,,,360,neg_amm,not_int,not_lpsm,,sb,pr,home,1U,2940,EQUI,817,EXP,55-64,to_inst,,central,direct,1,
39544,2019,cf,Male,nopre,type1,p4,l1,nopc,nob/c,316500,,,,180,not_neg,not_int,not_lpsm,,sb,pr,home,1U,5520,EQUI,630,EXP,55-64,to_inst,,central,direct,1,
39546,2019,cf,Male,nopre,type3,p3,l1,nopc,nob/c,466500,,,,360,not_neg,not_int,not_lpsm,,sb,pr,home,1U,6120,EQUI,647,EXP,45-54,to_inst,,south,direct,1,
39563,2019,cf,Male,nopre,type2,p1,l1,nopc,b/c,556500,,,,360,not_neg,not_int,not_lpsm,,sb,pr,home,1U,8460,EQUI,827,EXP,35-44,to_inst,,North,direct,1,
39573,2019,cf,Male,nopre,type1,p4,l1,nopc,nob/c,336500,,,,300,neg_amm,not_int,not_lpsm,,sb,pr,home,1U,7860,EQUI,859,EXP,25-34,not_inst,,south,direct,1,
39582,2019,cf,Male,nopre,type1,p3,l2,nopc,nob/c,106500,,,,180,not_neg,not_int,not_lpsm,,sb,pr,home,1U,2700,EQUI,536,EXP,>74,to_inst,,North,direct,1,
39627,2019,,Male,nopre,type1,p1,l1,nopc,nob/c,256500,,,,360,neg_amm,not_int,not_lpsm,,sb,pr,home,1U,3600,EQUI,887,EXP,25-34,not_inst,,North,direct,1,
39634,2019,cf,Male,nopre,type2,p1,l1,nopc,b/c,416500,,,,360,not_neg,not_int,not_lpsm,,sb,pr,home,1U,6120,EQUI,776,EXP,35-44,to_inst,,North,direct,1,
39665,2019,,Male,nopre,type3,p3,l1,nopc,nob/c,216500,,,,360,neg_amm,not_int,not_lpsm,,sb,pr,home,1U,4620,EQUI,597,EXP,55-64,to_inst,,North,direct,1,
39666,2019,cf,Male,nopre,type1,p3,l1,nopc,nob/c,456500,,,,360,not_neg,not_int,not_lpsm,,sb,pr,home,1U,5760,EQUI,745,EXP,55-64,not_inst,,south,direct,1,
39681,2019,cf,Male,nopre,type1,p4,l1,nopc,nob/c,566500,,,,360,not_neg,not_int,not_lpsm,,sb,pr,home,1U,8040,EQUI,528,EXP,25-34,not_inst,,south,direct,1,
39713,2019,cf,Male,nopre,type1,p4,l1,nopc,nob/c,396500,,,,300,not_neg,not_int,not_lpsm,,sb,pr,home,1U,5940,EQUI,548,EXP,65-74,to_inst,,central,direct,1,
39730,2019,cf,Male,nopre,type1,p1,l1,nopc,nob/c,346500,,,,360,not_neg,not_int,lpsm,,sb,pr,home,1U,9720,EQUI,724,EXP,25-34,to_inst,,North,direct,1,
39751,2019,cf,Male,nopre,type1,p4,l1,nopc,nob/c,546500,,,,360,neg_amm,not_int,not_lpsm,,sb,pr,home,1U,11400,EQUI,841,EXP,25-34,not_inst,,North,direct,1,
39773,2019,cf,Male,nopre,type1,p4,l1,nopc,nob/c,246500,,,,180,not_neg,not_int,not_lpsm,,sb,pr,home,1U,4500,EQUI,853,EXP,45-54,not_inst,,south,direct,1,
39788,2019,cf,Male,pre,type3,p1,l1,nopc,nob/c,166500,,,,360,not_neg,not_int,not_lpsm,,sb,pr,home,1U,3060,EQUI,864,EXP,45-54,to_inst,,North,direct,1,
39802,2019,ncf,Male,nopre,type3,p4,l1,nopc,nob/c,606500,,,,360,not_neg,not_int,not_lpsm,,sb,pr,home,1U,6240,EQUI,700,EXP,>74,to_inst,,south,direct,1,
39807,2019,ncf,Male,pre,type1,p1,l1,nopc,nob/c,206500,,,,240,not_neg,not_int,not_lpsm,,sb,pr,home,1U,4980,EQUI,705,EXP,35-44,not_inst,,south,direct,1,
39818,2019,cf,Male,nopre,type3,p3,l1,nopc,nob/c,476500,,,,360,not_neg,not_int,lpsm,,sb,pr,home,1U,5820,EQUI,592,EXP,45-54,to_inst,,central,direct,1,
39864,2019,ncf,Male,pre,type1,p1,l1,nopc,nob/c,296500,,,,360,not_neg,not_int,not_lpsm,,sb,pr,home,1U,2880,EQUI,654,EXP,55-64,to_inst,,North,direct,1,
39915,2019,cf,Male,nopre,type2,p4,l1,nopc,b/c,246500,,,,300,not_neg,not_int,lpsm,,sb,pr,home,1U,9060,EQUI,896,EXP,55-64,to_inst,,North,direct,1,
40001,2019,cf,Male,nopre,type2,p1,l1,nopc,b/c,326500,,,,360,not_neg,not_int,not_lpsm,,sb,pr,home,1U,4980,EQUI,863,EXP,25-34,not_inst,,North,direct,1,
40015,2019,cf,Male,nopre,type1,p3,l1,nopc,nob/c,96500,,,,180,not_neg,not_int,lpsm,,sb,pr,home,1U,4920,EQUI,822,EXP,>74,to_inst,,North,direct,1,
40075,2019,cf,Male,nopre,type1,p1,l1,nopc,nob/c,586500,,,,360,not_neg,int_only,not_lpsm,,sb,pr,home,1U,8400,EQUI,626,EXP,55-64,not_inst,,North,direct,1,
40099,2019,cf,Male,pre,type1,p3,l1,nopc,nob/c,136500,,,,240,not_neg,not_int,not_lpsm,,sb,pr,home,1U,2280,EQUI,722,EXP,65-74,to_inst,,North,direct,1,
40110,2019,cf,Male,nopre,type2,p1,l1,nopc,b/c,316500,,,,360,neg_amm,not_int,not_lpsm,,sb,pr,home,1U,10680,EQUI,588,EXP,35-44,to_inst,,North-East,direct,1,
40117,2019,cf,Male,nopre,type2,p4,l1,nopc,b/c,576500,,,,360,not_neg,not_int,not_lpsm,,sb,pr,home,1U,0,EQUI,629,EXP,35-44,not_inst,,North,direct,1,
40149,2019,cf,Male,nopre,type2,p1,l1,nopc,b/c,306500,,,,360,not_neg,not_int,not_lpsm,,sb,pr,home,1U,4860,EQUI,604,EXP,35-44,to_inst,,south,direct,1,
40192,2019,,Male,nopre,type1,p4,l1,nopc,nob/c,546500,,,,360,not_neg,not_int,not_lpsm,,sb,pr,home,1U,10980,EQUI,544,EXP,25-34,to_inst,,North,direct,1,
40253,2019,cf,Male,nopre,type1,p3,l1,nopc,nob/c,186500,,,,180,not_neg,not_int,not_lpsm,,sb,pr,home,1U,3480,EQUI,588,EXP,55-64,to_inst,,North,direct,1,
40302,2019,cf,Male,nopre,type3,p3,l1,nopc,nob/c,306500,,,,360,not_neg,not_int,not_lpsm,,sb,pr,home,1U,6240,EQUI,545,EXP,45-54,to_inst,,south,direct,1,
40409,2019,cf,Male,nopre,type1,p3,l1,nopc,nob/c,226500,,,,360,not_neg,not_int,lpsm,,sb,pr,home,1U,3120,EQUI,607,EXP,65-74,to_inst,,south,direct,1,
40416,2019,cf,Male,nopre,type1,p4,l1,nopc,nob/c,106500,,,,156,not_neg,not_int,not_lpsm,,sb,pr,home,1U,3600,EQUI,719,EXP,55-64,to_inst,,North,direct,1,
40442,2019,cf,Male,nopre,type1,p1,l1,nopc,nob/c,426500,,,,360,not_neg,not_int,not_lpsm,,sb,pr,home,1U,4740,EQUI,538,EXP,55-64,not_inst,,North,direct,1,
40492,2019,cf,Male,nopre,type3,p4,l1,nopc,nob/c,296500,,,,360,not_neg,not_int,not_lpsm,,sb,pr,home,1U,0,EQUI,729,EXP,>74,not_inst,,North,direct,1,